Name,Kitchens,Delivery cost (PLN),Min order cost (PLN)
Staroświecka Ursynów,"Polska, Dania na lunch",2.0,55.0
Sushi One,"Sushi, Japońska",10.0,50.0
Pekin Duck,"Chińska, Kaczka, Drób",24.0,50.0
Bar Restauracyjny Bao Nam,"Wietnamska, Zupy, Owoce morza",4.0,30.0
Spring Roll,"Tajska, Wietnamska, Dania na lunch",24.0,50.0
Khuk by Little Thai Gallery,"Tajska, Owoce morza",24.0,50.0
Bydło i Powidło,"Kanapki, Burgery, Amerykańska",24.0,50.0
Ou Sushi,"Sushi, Japońska",0.0,49.0
Pizzeria Boscaiola,"Włoska, Pizza, Sałatki",24.0,50.0
Thai Me Up,"Tajska, Owoce morza",24.0,50.0
Mojo Picon,"Hiszpańska/Tapas, Sałatki, Owoce morza",24.0,50.0
Indian Dawat,"Dania na lunch, Sałatki, Indyjska",9.0,50.0
W Oparach Absurdu,"Polska, Pierogi",0.0,50.0
Ramen by masami,"Tajska, Japońska, Wołowina",0.0,80.0
Yume Sushi night,"Sushi, Japońska",5.0,1.0
Pizza po Zmroku,"Włoska, Makarony, Pizza",12.0,30.0
Akan Sushi,"Sushi, Ryby, Owoce morza",0.0,74.0
Pierogi Świata,"Polska, Pierogi, Menu dla dzieci",0.0,74.0
Ramen And More,"Tajska, Japońska, Wołowina",0.0,74.0
Bueno Burger,"Burgery, Amerykańska, Sałatki",0.0,74.0
San Giovanni Noc,"Włoska, Pizza",10.0,39.0
Geisha Sushi Ursynów,"Sushi, Japońska",0.0,50.0
Sensi Sushi Ochota,"Sushi, Japońska, Sałatki",0.0,60.0
Burger Slow Food,"Burgery, Przekąski, Amerykańska",8.0,30.0
Pizza na Wypasie Mokotów,"Włoska, Dania na lunch, Pizza",5.0,1.0
China Bistro,"Chińska, Tajska",0.0,1.0
Maru Sushi Bar,"Sushi, Japońska",0.0,60.0
Hamburger z Karaibów Puławska,"Dania na lunch, Burgery, Amerykańska",15.0,37.0
Nama Sushi Bar & Lounge,"Chińska, Sushi, Japońska",0.0,50.0
SushiRoll Bistro,"Sushi, Japońska, Wegańska",0.0,50.0
My Onigiri,Japońska,9.0,50.0
Mechanizm Kręcenia Pizza Nocą,"Włoska, Pizza, Sałatki",8.0,20.0
Sushi Ronin,"Sushi, Japońska",15.0,40.0
Pizzeria Pieczychlebek,"Włoska, Makarony, Pizza",5.0,30.0
Mango Curry,"Curry, Indyjska",5.0,40.0
Sushi Nugat,"Sushi, Japońska",0.0,50.0
Saffron Spices Restauracja Indyjska i tajska,"Tajska, Indyjska",10.0,35.0
Green & Tasty - Authentic Asian Cuisine,"Tajska, Wietnamska, Owoce morza",0.0,49.0
India Express by Mandala,Indyjska,15.0,30.0
Kadoto Sushi,Sushi,20.0,100.0
Pizza Warszawska,"Włoska, Dania na lunch, Pizza",15.9,59.0
Sushi Party,"Chińska, Sushi, Japońska",15.0,40.0
Game of Pizza,"Włoska, Pizza",15.9,59.0
Sushi Saska Kępa,"Chińska, Sushi, Japońska",5.0,120.0
Bombay Lounge,Indyjska,15.0,50.0
Sphinx,"Turecka, Dania na lunch, Międzynarodowa",4.99,30.0
Subway Galeria Mokotów,"Kanapki, Wrapy, Sałatki",10.0,50.0
Bar Wypas,"Polska, Dania na lunch, Amerykańska",6.0,30.0
Soja Sushi,"Chińska, Sushi, Japońska",0.0,50.0
Night Burger Noc,"Burgery, Amerykańska",0.0,30.0
Nocna Wyżerka,"Włoska, Makarony, Pizza",15.9,59.0
Warsaw Burger Bar,"Burgery, Amerykańska, Wołowina",9.0,40.0
Yukka Fajne Miejsce,"Dania na lunch, Makarony, Sałatki",5.0,40.0
Ninja's Pizza,"Włoska, Pizza",12.9,0.0
Night Burger Centrum,"Burgery, Amerykańska, Sałatki",0.0,20.0
Warsaw Buffalo Wings,"Burgery, Sałatki, Drób",9.0,40.0
K. Bull Burgers,"Burgery, Przekąski, Amerykańska",15.0,20.0
Town Pizza,Pizza,0.0,1.0
Lifemotiv Mokotów,"Wegańska, Bezglutenowa",12.0,50.0
Sushi One,"Sushi, Japońska",5.0,50.0
Drukarnia - Cafe Bar,"Polska, Dania na lunch, Pierogi",5.0,30.0
Pizza po Zmroku,"Włoska, Makarony, Pizza",8.0,30.0
Kebab King,"Turecka, Arabska, Kebab",3.3,20.0
Fenicja - Restauracja Libańska i Kebab,"Turecka, Zupy, Sałatki",0.0,25.0
Geisha Sushi Bródno,"Sushi, Japońska",0.0,50.0
Sensi Sushi Ochota,"Sushi, Japońska, Sałatki",0.0,90.0
Pizzeria Złota 65,"Włoska, Makarony, Pizza",0.0,30.0
Pizza Na Wypasie Wola,"Włoska, Dania na lunch, Pizza",5.0,1.0
New York Burger,"Burgery, Amerykańska, Sałatki",0.0,30.0
Solidarności Original Burgers Serial Grillers,"Burgery, Amerykańska",6.0,31.0
Maru Sushi Bar,"Sushi, Japońska",10.0,100.0
5 składników,"Sushi, Japońska",10.0,50.0
Nama Sushi Bar & Lounge,"Chińska, Sushi, Japońska",0.0,100.0
SushiRoll Bistro,"Sushi, Japońska, Wegańska",0.0,40.0
Fenicja - Restauracja Libańska Nowogrodzka,"Turecka, Pizza, Menu dla dzieci",0.0,25.0
Yoko Restaurant Klif Dom Mody,Japońska,10.0,70.0
Pizza 60,"Włoska, Pizza",10.0,20.0
Chłopskie Jadło,"Polska, Dania na lunch, Pierogi",4.99,30.0
Rong Vang,Wietnamska,5.0,35.0
Subway Nowy Świat,"Amerykańska, Wrapy, Sałatki",10.0,50.0
Tacamole,"Meksykańska, Dania na lunch, Zupy",0.0,30.0
Subway Al. Jerozolimskie 31,"Burgery, Amerykańska, Wrapy",10.0,50.0
Indian Taste,"Curry, Indyjska",8.0,50.0
India Express by Mandala,Indyjska,0.0,30.0
Kadoto Sushi,Sushi,10.0,100.0
Pizza Warszawska,"Włoska, Dania na lunch, Pizza",7.9,35.0
Bistro Prażka,"Włoska, Tajska, Polska",5.0,35.0
Game of Pizza,"Włoska, Pizza",7.9,35.0
Sphinx,"Dania na lunch, Pizza, Międzynarodowa",4.99,30.0
Sushi Saska Kępa,"Chińska, Sushi, Japońska",5.0,80.0
Bombay Lounge,Indyjska,0.0,35.0
Fenicja - Restauracja Libańska Arkadia,"Turecka, Zupy, Sałatki",0.0,25.0
Night Burger,"Burgery, Amerykańska",0.0,40.0
Kebsa Raz,"Gyros, Falafel, Kebab",5.0,20.0
CURRY Express,"Curry, Indyjska",7.0,35.0
Nocna Wyżerka,"Włoska, Makarony, Pizza",7.9,35.0
Thai Fun,"Tajska, Curry",11.0,40.0
Pizza po Zmroku,"Włoska, Makarony, Pizza",5.0,30.0
La Tomatina,"Włoska, Makarony",5.0,50.0
Sushi Box,"Sushi, Japońska, Zupy",0.0,50.0
Restauracja Katmandu,"Tajska, Wegetariańska, Indyjska",0.0,40.0
Da Grasso,"Włoska, Makarony, Pizza",5.0,23.0
Grande Pierogi,"Polska, Pierogi, Zupy",0.0,25.0
Pizza Przy Politechnice,"Włoska, Makarony, Pizza",5.0,30.0
Złoty Ryż,"Chińska, Tajska, Dania na lunch",10.0,35.0
Amrit Oriental Food,"Turecka, Kebab",1.0,21.0
Restauracja Indyjska Injachi,"Zupy, Owoce morza, Indyjska",0.0,40.0
Lider Kebab Marszałkowska,"Turecka, Sałatki, Kebab",3.0,20.0
Hagiel Bistro II,"Polska, Dania na lunch, Pierogi",5.0,100.0
India Express by Mandala Centrum,"Tajska, Zupy, Indyjska",5.0,30.0
India Express by Mandala Mokotów,"Tajska, Zupy",10.0,30.0
Pekin Duck,"Chińska, Kaczka, Drób",16.0,50.0
Kuchnia Orientalna Smaki Wschodu,"Chińska, Tajska, Wietnamska",8.0,30.0
Besuto Sushi Bar,"Sushi, Japońska, Dania na lunch",0.0,50.0
Sapko Kebab,"Turecka, Dania na lunch, Sałatki",0.0,30.0
Subway,"Włoska, Wrapy, Sałatki",0.0,50.0
Toro Sushi,"Sushi, Tajska, Japońska",0.0,30.0
Rasoi Restauracja Indyjska,"Zupy, Sałatki, Indyjska",1.0,35.0
Burgery Nocą,"Burgery, Amerykańska",0.0,30.0
La Bufala,Włoska,5.0,22.0
Kebab King,"Turecka, Dania na lunch, Kebab",3.3,20.0
Sedo Kebab,"Turecka, Sałatki, Kebab",0.0,20.0
Bella Napoli Kolejowa,"Włoska, Makarony, Pizza",0.0,40.0
Masala Magic,"Tajska, Zupy, Indyjska",10.0,50.0
Kebab Faraon Rondo Waszyngtona,"Przekąski, Arabska, Kebab",5.0,25.0
Kwadrans Cafe,"Dania na lunch, Pierogi, Burgery",12.99,35.0
The Indian Hut restauracja indyjska,"Curry, Indyjska",5.0,39.0
ToTu Chińska Pierogarnia Saska Kępa,"Chińska, Pierogi, Zupy",5.0,40.0
Sen Viet,"Chińska, Tajska, Wietnamska",5.0,35.0
Pan Szama,"Polska, Wrapy",12.0,40.0
Makaroni,"Włoska, Makarony, Pizza",6.0,39.0
Red-Sun Sushi,"Sushi, Japońska, Owoce morza",0.0,60.0
Koku Sushi,"Sushi, Japońska, Przekąski",0.0,40.0
Vega,"Wegetariańska, Dania na lunch",16.0,23.0
Kemal Kebab,"Turecka, Kanapki, Kebab",0.0,30.0
Hagiel Bistro Nocą,"Kanapki, Polska, Pierogi",5.0,50.0
Bistro Bordo,"Włoska, Makarony, Pizza",0.0,45.0
Bałkan Grill Najlepsza Kuchnia Serbska,"Burgery, Sałatki, Kebab",10.0,30.0
Pepperoni Ristorante Pizzeria Noc,"Włoska, Pizza",10.0,25.0
Villa Sushi & Thai,"Sushi, Japońska",0.0,150.0
I Love Sushi,"Sushi, Japońska",4.0,75.0
Spring Roll,"Tajska, Wietnamska, Dania na lunch",13.0,50.0
Kwitnąca Wiśnia,"Sushi, Japońska, Zupy",0.0,50.0
Khuk by Little Thai Gallery,"Tajska, Owoce morza",13.0,50.0
Chwast Food,"Wegetariańska, Burgery",11.0,33.0
Mizumi Sushi,"Sushi, Japońska",0.0,80.0
Vietnamese Restaurant Four Seasons,"Wietnamska, Dania na lunch, Drób",0.0,50.0
Kik Fit Bar,"Burgery, Makarony, Wrapy",5.0,45.0
S'poco Loco,"Meksykańska, Wrapy",5.0,30.0
Batumi Na Ursynowie,"Dania na lunch, Pizza, Gruzińska",0.0,105.0
Emir Kebab,"Turecka, Kebab",0.0,30.0
Leonardo Verde,"Włoska, Makarony, Pizza",0.0,30.0
ToTu Chińska Pierogarnia Słowackiego,"Chińska, Pierogi, Zupy",8.0,60.0
Pizza Na Wypasie Nocą,"Włoska, Dania na lunch, Pizza",16.0,1.0
Pizza Dominium,Włoska,0.0,31.0
India King. Restauracja Indyjska,Indyjska,0.0,60.0
OM Restauracja,Indyjska,10.0,75.0
Sushi Bar,"Sushi, Japońska",0.0,47.0
Sushiberry,"Sushi, Japońska, Dania na lunch",0.0,100.0
OM Sienna,"Tajska, Indyjska",0.0,35.0
Bong Bong Asian Bistro,"Chińska, Tajska, Wietnamska",0.0,24.0
Vintuna Kuchnia Tajska,"Tajska, Zupy, Owoce morza",35.0,90.0
Bydło i Powidło,"Kanapki, Burgery, Amerykańska",16.0,50.0
"Król Ziemniak - Ziemniaki, pierogi, makarony","Polska, Pierogi, Makarony",10.0,1.0
Ichiban Sushi Reduta,"Sushi, Japońska, Dania na lunch",0.0,80.0
City Pizza Nocną Porą,"Włoska, Makarony, Pizza",8.0,30.0
Pizzeria Boscaiola,"Włoska, Pizza, Sałatki",13.0,50.0
Big Adriano Deep Dish Pizza & Grill,"Burgery, Amerykańska, Pizza",6.99,49.0
Sen o sushi,"Sushi, Japońska",0.0,90.0
Nanaki Sushi,"Sushi, Japońska, Owoce morza",0.0,99.0
Wok Sushi,"Chińska, Sushi, Owoce morza",10.0,40.0
Hikari Koi Sushi,"Sushi, Japońska, Dania na lunch",8.0,60.0
Viaduct Pizza Bar,"Włoska, Pizza",5.0,20.0
Łuski i Ości,"Sushi, Japońska",3.0,50.0
Thai Me Up,"Tajska, Owoce morza",13.0,50.0
Azjatyckie pierożki na parze Parowóz,"Polska, Zupy, Sałatki",0.0,40.0
Fresh&Roll,"Sushi, Japońska",0.0,40.0
Wana Sushi,"Sushi, Japońska",0.0,40.0
Curry House,"Zupy, Sałatki, Indyjska",22.0,50.0
Vege Bistro,"Wegetariańska, Wegańska, Polska",20.0,30.0
Manty Restauracja Uzbecka,"Dania na lunch, Zupy, Sałatki",0.0,25.0
Chmielarnia Centrum,"Włoska, Ryby, Międzynarodowa",5.0,40.0
Mojo Picon,"Hiszpańska/Tapas, Sałatki, Owoce morza",18.0,50.0
Bobby Burger,"Burgery, Amerykańska, Wrapy",0.0,39.0
Tokyo Sushi,"Sushi, Japońska, Owoce morza",0.0,100.0
Georgia Restauracja Gruzińska,"Dania na lunch, Sałatki, Gruzińska",0.0,50.0
Bin Bin Chińskie Pierogi,"Chińska, Pierogi",6.0,25.0
Curry Leaf Kuchnia Indyjska,"Zupy, Sałatki, Indyjska",20.0,50.0
Falafelove,"Wegetariańska, Dania na lunch, Sałatki",0.0,30.0
Warung Jakarta,"Tajska, Dania na lunch, Owoce morza",0.0,30.0
Falafelove,"Wegetariańska, Wegańska, Falafel",0.0,30.0
Restauracja Gruzja,"Dania na lunch, Zupy, Gruzińska",0.0,30.0
Italiano Vero,"Włoska, Pizza",10.0,20.0
Falafel Bejrut,"Kanapki, Wegańska, Arabska",0.0,30.0
Warszawa Powiśle,"Polska, Dania na lunch, Sałatki",0.0,30.0
Susharnia,"Sushi, Japońska, Zupy",0.0,50.0
Torotoro Sushi,"Sushi, Japońska, Owoce morza",9.0,20.0
Hand&Roll Tsuru Sushi,"Sushi, Japońska, Owoce morza",0.0,80.0
Restauracja Włoska Witaly,"Włoska, Pizza, Sałatki",0.0,30.0
Restauracja Pod Karpiem,"Polska, Dania na lunch",0.0,65.0
Czyli Żurawia 45,"Włoska, Makarony, Pizza",0.0,30.0
Asian Palace Kuchnia Pakistańska i Indyjska,"Kanapki, Zupy, Indyjska",0.0,40.0
Amai Sushi,"Sushi, Japońska",0.0,150.0
Welcome India,Indyjska,5.0,50.0
Prima Pizza,"Włoska, Makarony, Pizza",4.0,23.0
Prima Pizza Noc,"Włoska, Makarony, Pizza",9.0,30.0
Vegan Pizza,"Wegetariańska, Wegańska, Pizza",8.0,25.0
Sushi World,"Sushi, Japońska, Międzynarodowa",10.0,50.0
Jadłoteka,"Polska, Pierogi, Burgery",19.0,20.0
Tulsi,Indyjska,0.0,70.0
Klukovka,"Dania na lunch, Pierogi, Zupy",20.0,50.0
Madras,Indyjska,5.0,50.0
Doppio Cuore,"Włoska, Makarony, Pizza",0.0,30.0
Esencja,"Polska, Dania na lunch, Zupy",5.0,20.0
Khuk Thai Food,"Tajska, Dania na lunch, Owoce morza",0.0,30.0
Pizzeria Złota 65,Włoska,0.0,1.0
Ceprownia Restauracja,"Polska, Dania na lunch, Przekąski",0.0,30.0
Restauracja Drugie Dno,"Burgery, Przekąski, Amerykańska",0.0,30.0
Za'atar,"Dania na lunch, Falafel",0.0,30.0
Juice Press People,"Kanapki, Przekąski",0.0,30.0
Mumbai Masala,Indyjska,5.0,49.0
Hoppiness Beer'N'Food,"Burgery, Amerykańska, Wołowina",0.0,30.0
Maharaja Thai,"Tajska, Curry, Indyjska",13.0,50.0
Bar Don Caruso,"Włoska, Makarony, Pizza",0.0,30.0
Piatto Italiano,"Włoska, Makarony, Pizza",3.0,30.0
Casablanca,"Międzynarodowa, Arabska, Falafel",16.0,50.0
Dekant WineBar & Restaurant,"Polska, Dania na lunch",10.0,50.0
Croque Madame,"Francuska, Dania na lunch, Naleśniki",0.0,30.0
Cafe & Bar Kafka,"Polska, Dania na lunch, Sałatki",0.0,30.0
Erywań,"Dania na lunch, Pierogi, Międzynarodowa",0.0,30.0
Zorza,"Wegetariańska, Kanapki, Dania na lunch",0.0,30.0
Sushi Studio,"Sushi, Japońska",0.0,80.0
Sardynia,"Włoska, Makarony, Pizza",0.0,30.0
77 Sushi,"Sushi, Japońska",9.9,50.0
Tele Sajgon,"Chińska, Wietnamska, Japońska",4.0,30.0
Planet Sushi Złota,"Sushi, Japońska, Desery",0.0,30.0
L'arc,"Francuska, Ryby, Zupy",16.0,50.0
Orzo,"Włoska, Dania na lunch, Pizza",0.0,30.0
Tele Sajgon,"Tajska, Wołowina, Wieprzowina",2.0,25.0
Why Thai,"Tajska, Kaczka, Curry",0.0,30.0
Restauracja Koreańsko-Japońska Mei,"Sushi, Japońska, Owoce morza",0.0,30.0
Sokotra,"Dania na lunch, Arabska, Indyjska",0.0,30.0
Superiore,"Włoska, Makarony, Pizza",0.0,30.0
Kuchnia Wietnamska Mama Pho,"Chińska, Tajska, Wietnamska",0.0,30.0
Lunch For You,"Polska, Dania na lunch",0.0,35.0
Mai Pizza Break,"Włoska, Pizza, Sałatki",18.0,25.0
Popis Władzy,"Włoska, Pizza",18.0,25.0
Metronocni,"Włoska, Pizza, Sałatki",18.0,25.0
Niezłe Ziółko,"Kanapki, Sałatki",0.0,30.0
Pasadena,"Dania na lunch, Makarony, Sałatki",0.0,30.0
Master Sushi,"Sushi, Japońska",8.0,50.0
Bar Viet My,"Chińska, Tajska, Wietnamska",0.0,30.0
Sushi Mori Tarchomin,"Sushi, Japońska",10.0,90.0
Hong de Akasaka Warszawa,"Sushi, Przekąski, Zupy",0.0,30.0
U Tato,"Dania na lunch, Zupy, Gruzińska",0.0,30.0
Mix Masala Restauracja Indyjska,"Curry, Indyjska",15.0,50.0
United Chicken,"Burgery, Amerykańska, Drób",10.0,25.0
Silk&Spicy,"Tajska, Japońska",16.0,50.0
ToTò Eataliano,"Włoska, Makarony, Pizza",0.0,30.0
Bemowo Sushi,"Sushi, Japońska, Owoce morza",0.0,25.0
Indian Taste,"Curry, Indyjska",0.0,120.0
India Express by Mandala,Indyjska,5.0,30.0
Lamby's - Real Deal Food,"Francuska, Dania na lunch, Amerykańska",0.0,30.0
Studio Buffo,"Dania na lunch, Pierogi, Wieprzowina",0.0,30.0
Pielmień,Pierogi,0.0,50.0
Boscaiola,"Włoska, Dania na lunch, Makarony",13.0,50.0
Binh - Minh Bar - Restauracja,"Chińska, Tajska, Japońska",0.0,35.0
Novu Kuchnia & Bar,"Polska, Dania na lunch, Pierogi",0.0,30.0
Sumada sushi,"Sushi, Japońska, Pierogi",0.0,50.0
La Chica Sandwicheria,"Kanapki, Dania na lunch, Amerykańska",0.0,30.0
Bollywood Lounge,Indyjska,0.0,30.0
Kuchnia Smakosza,"Dania na lunch, Makarony, Sałatki",18.0,50.0
Pizza Dominium,"Makarony, Pizza",0.0,31.0
Sushi Nocą,"Sushi, Japońska, Wegańska",0.0,50.0
Barszawa,"Kanapki, Dania na lunch, Przekąski",0.0,30.0
Sushi Saska Kępa,"Chińska, Sushi, Japońska",0.0,40.0
Bombay Lounge,Indyjska,5.0,45.0
Pierogarnia U Kresowiaka,"Desery, Polska, Pierogi",0.0,30.0
Il Patio,"Włoska, Makarony, Pizza",0.0,30.0
"North Fish Warszawa, CH Złote Tarasy","Ryby, Owoce morza",0.0,30.0
Black Real Burgers,"Burgery, Przekąski, Amerykańska",16.0,50.0
Bar&Restauracja Mekong,"Tajska, Zupy",0.0,40.0
Adel Kebab,"Turecka, Falafel, Kebab",5.0,30.0
Shiva Lounge,"Dania na lunch, Indyjska",0.0,39.0
Fuzja na Wspólnej,"Chińska, Tajska, Wietnamska",0.0,30.0
Big Szef,"Turecka, Gyros, Kebab",0.0,30.0
Himalayan Yeti,"Tajska, Wegetariańska, Indyjska",5.0,50.0
Cafe Krucza 23,"Dania na lunch, Makarony, Sałatki",0.0,30.0
Benihana,"Sushi, Japońska, Dania na lunch",0.0,30.0
Dzikie Jadło Burger,"Burgery, Amerykańska",0.0,25.0
Restauracja Indyjska Kurkuma,"Curry, Indyjska",0.0,60.0
Shahi Curry,"Curry, Indyjska",0.0,50.0
Kumate Sushi,"Chińska, Sushi, Japońska",3.0,39.0
Restauracja Jordańska Kan Zamaan,"Dania na lunch, Międzynarodowa, Kebab",15.0,50.0
Art Sushi,"Sushi, Japońska, Dania na lunch",0.0,30.0
zaParowani Nocą,"Chińska, Pierogi",8.0,25.0
Naleśnikarnia Smile,"Dania na lunch, Przekąski, Naleśniki",10.0,40.0
30 Koszyków,"Makarony, Zupy, Sałatki",0.0,30.0
Pasibus,"Burgery, Amerykańska, Sałatki",0.0,30.0
NIENAŻARTY,"Dania na lunch, Makarony, Owoce morza",0.0,30.0
Noc i dzień pizza,"Włoska, Dania na lunch, Pizza",7.0,35.0
Makalu Restauracja Indyjska,Indyjska,7.0,80.0
Krowarzywa,"Wegetariańska, Burgery",0.0,30.0
Fabryka Frytek,"Kanapki, Burgery, Przekąski",0.0,30.0
B Town,"Arabska, Curry, Indyjska",0.0,150.0
Qchnia pl.Trzech Krzyży,"Wietnamska, Przekąski, Sałatki",0.0,30.0
Makarun Spaghetti And Salad,"Włoska, Makarony",0.0,30.0
Falla,"Pierogi, Wrapy, Falafel",0.0,30.0
IKAT - kuchnia Uzbecka,"Dania na lunch, Zupy, Międzynarodowa",0.0,30.0
Neko Sushi,Sushi,0.0,130.0
Tadka Restauracja Indyjska,"Zupy, Sałatki, Indyjska",5.0,40.0
Pankejk,"Dania na lunch, Sałatki, Naleśniki",0.0,30.0
Tanuki Sushi,Sushi,0.0,50.0
Sushi Muranów,Sushi,0.0,50.0
Amal Kebab Noc,"Arabska, Kebab",12.0,20.0
West Cury Express,"Wegetariańska, Curry, Indyjska",5.0,45.0
Restauracja Chinkali,"Zupy, Międzynarodowa, Gruzińska",0.0,30.0
Guru,"Sałatki, Curry, Indyjska",0.0,30.0
Wolę Sushi,"Sushi, Japońska, Wegańska",0.0,50.0
Gringo Bar Dobra,"Hiszpańska/Tapas, Meksykańska, Zupy",6.0,26.0
SUSHIPAK,"Sushi, Japońska",0.0,50.0
Brooklyn Restaurant Burgers & Steaks,"Burgery, Amerykańska, Pizza",0.0,40.0
Buena Vista Social Food,"Kanapki, Amerykańska, Zupy",0.0,30.0
Golden Apricot,"Zupy, Gruzińska",0.0,30.0
Zdrowa Krowa,"Burgery, Amerykańska, Sałatki",8.0,40.0
Chiński Ryż,"Chińska, Wołowina, Wieprzowina",10.0,50.0
Papa John's,"Amerykańska, Pizza, Drób",0.0,29.99
Amrit Oriental Food,"Turecka, Gyros, Kebab",1.0,21.0
Spicy Kebab & Grill,"Arabska, Falafel, Kebab",5.0,30.0
Caviar Sushi,Sushi,5.0,30.0
Biryani Hut - kuchnia południowoindyjska,Indyjska,7.0,39.0
Wypas Burger,"Burgery, Amerykańska, Sałatki",9.0,40.0
Buddha,"Wegetariańska, Dania na lunch, Indyjska",0.0,30.0
Shizu 24,"Chińska, Sushi, Dania na lunch",5.0,40.0
Pierogi na Chmielnej,"Polska, Pierogi, Gruzińska",0.0,30.0
Nadziane,"Polska, Pierogi",0.0,30.0
Curry Leaves Hala Koszyki,"Międzynarodowa, Curry, Indyjska",0.0,39.0
Pho Hung Thien,"Chińska, Tajska, Wietnamska",0.0,30.0
Cziken Boss Noc,"Burgery, Amerykańska, Sałatki",10.0,35.0
Kura i Frytura,"Burgery, Amerykańska, Sałatki",10.0,35.0
Zapiexy Luxusowe,"Polska, Dania na lunch, Przekąski",0.0,30.0
Pizza po Zmroku,"Włoska, Makarony, Pizza",7.0,30.0
Chłopskie Jadło,"Polska, Dania na lunch, Pierogi",0.0,30.0
Hope Kebabs,Kebab,5.0,20.0
Saito Sushi,"Sushi, Japońska, Dania na lunch",0.0,150.0
FoodPorn Bar Nocą,"Burgery, Pizza, Sałatki",10.0,24.0
Pho Ever Yum,"Chińska, Tajska, Kaczka",0.0,30.0
Fresh Roll Sushi,Sushi,0.0,30.0
Chmeli Suneli,Gruzińska,0.0,30.0
Klawa Szama,"Polska, Dania na lunch",9.0,30.0
YaChe Korea,"Wegetariańska, Koreańska, Wieprzowina",0.0,30.0
Burgery Nocą,"Burgery, Amerykańska",8.0,40.0
Burgery Nocą Targówek,"Burgery, Przekąski, Amerykańska",8.0,40.0
Master Sushi Noc,"Sushi, Japońska",8.0,60.0
Legal Cakes,"Przekąski, Naleśniki",0.0,30.0
Green it.,"Dania na lunch, Wrapy, Sałatki",0.0,30.0
Sushi Love,Sushi,5.0,50.0
Enna Pizza,Pizza,6.0,25.0
Curry Girls,"Curry, Indyjska",0.0,30.0
Smak Curry,"Curry, Indyjska",0.0,40.0
Everest Nepal,"Tajska, Dania na lunch, Indyjska",0.0,50.0
Sushi Fit,"Sushi, Ryby, Japońska",0.0,50.0
Wok Deli,"Tajska, Wegetariańska, Owoce morza",5.0,50.0
Guravio food & wine,"Włoska, Makarony, Pizza",0.0,30.0
Naleśnikarnia Wspólny Mianownik,"Desery, Polska, Zupy",0.0,30.0
P&P,"Polska, Pierogi",10.0,40.0
Makaronia,"Włoska, Makarony",4.0,35.0
Centralny Bar Mleczny 24 h,"Polska, Pierogi, Naleśniki",5.0,15.0
Metro Zapiekanki,"Kanapki, Amerykańska",5.0,20.0
Posypane Dom Makaronu,"Włoska, Dania na lunch, Makarony",0.0,30.0
Pho 2,"Wietnamska, Zupy",0.0,30.0
Green it.,"Dania na lunch, Wrapy, Sałatki",5.0,40.0
Restauracja Shahi Curry,"Curry, Indyjska",6.0,40.0
Rudy Pies Sushi,Sushi,0.0,40.0
Mango Vegan Street Food - Koszyki,"Wegańska, Wrapy",0.0,30.0
Mango Vegan Street Food - Dobra,"Wegańska, Wrapy, Bezglutenowa",0.0,30.0
Mango Vegan Street Food - Bracka,"Wegetariańska, Falafel, Kebab",0.0,30.0
Izumi Sushi,"Sushi, Tajska, Dania na lunch",0.0,50.0
La Vietnamita,"Chińska, Tajska, Wietnamska",5.0,30.0
Pizza z piecca,"Włoska, Pizza",5.0,35.0
Tagine - kuchnia marokańska,"Dania na lunch, Zupy, Arabska",0.0,30.0
Warszawski Mostek,"Kanapki, Dania na lunch, Burgery",0.0,30.0
Fugu Sushi Chodkiewicza,"Sushi, Japońska",0.0,50.0
5 Składników,"Sushi, Dania na lunch, Zupy",10.0,50.0
Projekt Sushi,"Sushi, Japońska, Owoce morza",0.0,0.0
India Gate,"Dania na lunch, Curry, Indyjska",0.0,30.0
Arbuz Kebab & Burger,"Burgery, Falafel, Kebab",0.0,35.0
Sushi Royal Złote Tarasy,"Sushi, Dania na lunch",0.0,40.0
Indyjskie Smaki,"Sałatki, Indyjska",10.0,40.0
Udon Bar,"Chińska, Dania na lunch",0.0,30.0
Kebab Hookah & Bar,"Turecka, Falafel, Kebab",3.0,20.0
Rock'n'roll Sushi Puławska,"Sushi, Japońska, Międzynarodowa",0.0,50.0
Tanuki Sushi,"Sushi, Japońska",0.0,50.0
Izumi Sushi and Grill,"Sushi, Japońska",7.0,100.0
Mama Pho Chmielna,"Chińska, Wietnamska, Zupy",0.0,30.0
Buła City,"Kanapki, Burgery, Międzynarodowa",0.0,30.0
Sushi Royal Bistro,"Sushi, Japońska",10.0,50.0
Subway,Kanapki,0.0,30.0
Spice Garden,Indyjska,0.0,35.0
Pyza Warszawska,"Wegańska, Polska, Pierogi",0.0,30.0
Tikka Tango,"Zupy, Menu dla dzieci, Indyjska",15.0,119.0
Pizza Nocna,"Pierogi, Makarony, Pizza",7.0,35.0
Boscaiola,"Włoska, Pizza",18.0,50.0
Fat Finch,"Włoska, Dania na lunch, Pizza",0.0,30.0
Jaipur,"Międzynarodowa, Curry, Indyjska",0.0,25.0
Vege Sushi,"Sushi, Wegetariańska, Wegańska",8.0,30.0
Rock N' Roll Sushi Żelazna,Sushi,0.0,50.0
Mr. Wrap,"Dania na lunch, Wrapy, Międzynarodowa",0.0,40.0
Kebabish Grill Bar,"Turecka, Kebab",0.0,30.0
Kebabish,"Gyros, Falafel, Kebab",5.0,40.0
Nocny Kebabish,"Turecka, Falafel, Kebab",5.0,40.0
Domino's Pizza,"Przekąski, Amerykańska, Pizza",0.0,29.0
Telepizza,"Włoska, Pizza",0.0,27.0
Pizzeria Don Carlo's Bemowo,"Włoska, Pizza",5.0,30.0
Detox Bar - Cold Pressed Juice,"Wegetariańska, Wegańska",0.0,30.0
Big Adriano,"Dania na lunch, Amerykańska, Pizza",0.0,30.0
Vege Małpa,"Wegańska, Dania na lunch, Falafel",0.0,30.0
Coco pizza,"Włoska, Dania na lunch, Pizza",5.0,29.0
Burgerownia,"Burgery, Przekąski, Amerykańska",16.0,50.0
Boscaiola,"Włoska, Pizza, Sałatki",13.0,50.0
Literatka,"Dania na lunch, Zupy, Sałatki",13.0,50.0
Trattoria Prima Pasta,"Włoska, Makarony",16.0,50.0
Kawa i Chili,"Meksykańska, Międzynarodowa, Drób",16.0,50.0
Bobby Burger,"Burgery, Przekąski, Amerykańska",0.0,30.0
Naleśnikarnia Smile,"Dania na lunch, Naleśniki",10.0,40.0
KFP Bar Mleczny,Polska,5.0,30.0
Bobby Burger,"Burgery, Amerykańska, Wołowina",0.0,30.0
Sushi Yana,"Sushi, Japońska",10.0,100.0
Night Pizza Factory,"Włoska, Pizza",8.0,30.0
Mazza Kebab,"Arabska, Kebab",6.0,29.0
Meet & Fit - Slow Food,"Wegańska, Burgery, Amerykańska",7.0,40.0
Rock N'Roll Sushi,Sushi,0.0,50.0
HashiOki Sushi Bar,"Sushi, Japońska",20.0,100.0
Sushi Box,"Sushi, Japońska, Zupy",0.0,150.0
Gold Sushi,"Sushi, Japońska, Zupy",0.0,100.0
Restauracja Katmandu,"Tajska, Wegetariańska, Indyjska",15.0,40.0
Grande Pierogi,"Polska, Pierogi, Zupy",0.0,80.0
Złoty Ryż,"Chińska, Tajska, Dania na lunch",15.0,50.0
India Express by Mandala Centrum,"Tajska, Zupy, Indyjska",15.0,30.0
Bar Restauracyjny Saigon Bemowo,"Chińska, Wietnamska, Dania na lunch",6.0,30.0
Sensi Sushi Bemowo,"Sushi, Japońska, Zupy",0.0,60.0
Gruby Benek,"Włoska, Pizza",6.5,25.0
Pepperoni Ristorante Pizzeria Noc,"Włoska, Pizza",15.0,25.0
I Love Sushi,"Sushi, Japońska",0.0,75.0
Mizumi Sushi,"Sushi, Japońska",0.0,50.0
Pizza Na Wypasie Nocą,"Włoska, Dania na lunch, Pizza",17.0,1.0
Chicago's Pizza Pasta & Grill Radiowa,"Włoska, Dania na lunch, Makarony",0.0,25.0
Solidarności Original Burgers Serial Grillers,"Burgery, Amerykańska",13.0,120.0
Sushiberry,"Sushi, Japońska, Dania na lunch",0.0,50.0
OM Sienna,"Tajska, Indyjska",10.0,80.0
Vintuna Kuchnia Tajska,"Tajska, Zupy, Owoce morza",10.0,50.0
Bydło i Powidło,"Kanapki, Burgery, Amerykańska",18.0,50.0
Wana Sushi,"Sushi, Japońska",0.0,120.0
Manty Restauracja Uzbecka,"Dania na lunch, Zupy, Sałatki",13.0,99.0
Arabella,"Włoska, Dania na lunch, Pizza",5.0,30.0
Skoro Sushi,"Sushi, Japońska, Zupy",0.0,80.0
SushiRoll Bistro,"Sushi, Japońska, Wegańska",0.0,60.0
Sushi Chef,"Sushi, Japońska",0.0,30.0
Biesiadowo,"Włoska, Pizza, Sałatki",5.0,20.0
Amai Sushi,"Sushi, Japońska",0.0,250.0
Welcome India,Indyjska,8.0,50.0
Pizza 60,"Włoska, Pizza",0.0,20.0
Latisana,"Włoska, Pizza",8.0,23.0
Sushi Mori Tarchomin,"Sushi, Japońska",0.0,70.0
India Express by Mandala,Indyjska,20.0,30.0
Sushi Maestro,"Sushi, Japońska",10.0,120.0
Pizza Warszawska,"Włoska, Dania na lunch, Pizza",29.9,99.0
Gruzja Kebab,"Pierogi, Międzynarodowa",20.0,100.0
Game of Pizza,"Włoska, Pizza",29.9,99.0
Bar&Restauracja Mekong,"Tajska, Zupy",0.0,80.0
Night Burger Noc,"Burgery, Amerykańska",0.0,50.0
Nocna Wyżerka,"Włoska, Makarony, Pizza",29.9,99.0
Noc i dzień pizza,"Włoska, Dania na lunch, Pizza",15.5,59.0
Night Burger Centrum,"Burgery, Amerykańska, Sałatki",0.0,50.0
Cziken Boss,"Burgery, Amerykańska, Sałatki",0.0,35.0
Pizza po Zmroku,"Włoska, Makarony, Pizza",9.0,30.0
Pizzeria La Torre Bemowo,"Dania na lunch, Pizza, Sałatki",0.0,25.0
Pizza Nocna,"Pierogi, Makarony, Pizza",15.5,59.0
India Express by Mandala Mokotów,"Tajska, Zupy",20.0,30.0
Pekin Duck,"Chińska, Kaczka, Drób",18.0,50.0
Kuchnia Orientalna Smaki Wschodu,"Chińska, Tajska, Wietnamska",6.0,25.0
Kebab King,Turecka,3.3,20.0
Nanaki Sushi,"Sushi, Japońska, Owoce morza",0.0,199.0
Arabella,"Włoska, Dania na lunch, Pizza",9.0,30.0
Sushi Chef,"Sushi, Japońska",0.0,60.0
Pizza po Zmroku,"Włoska, Makarony, Pizza",10.0,30.0
Kebabish Grill Bar,"Turecka, Kebab",5.0,30.0
Classic Doner Kebab,"Turecka, Falafel, Kebab",0.0,30.0
Restauracja Katmandu,"Tajska, Wegetariańska, Indyjska",10.0,40.0
Pizzeria Gemelli,"Włoska, Pizza, Sałatki",0.0,25.0
Saiko Sushi,"Sushi, Japońska",15.0,130.0
Restauracja Indyjska Injachi,"Zupy, Owoce morza, Indyjska",10.0,45.0
India Express by Mandala Mokotów,"Tajska, Zupy",15.0,30.0
Bar Restauracyjny Saigon Bemowo,"Chińska, Wietnamska, Dania na lunch",6.0,80.0
Burgery Nocą,"Burgery, Amerykańska",10.0,45.0
Amrit Oriental Food,Turecka,1.0,21.0
TODO Sushi,"Sushi, Japońska",0.0,80.0
Red-Sun Sushi,"Sushi, Japońska, Owoce morza",0.0,150.0
Pierogi z Pieca,"Polska, Pierogi, Zupy",8.0,50.0
Oto Sushi,"Sushi, Japońska, Owoce morza",20.0,150.0
I Love Sushi,"Sushi, Japońska",1.0,75.0
Khuk by Little Thai Gallery,"Tajska, Owoce morza",18.0,50.0
Kik Fit Bar,"Burgery, Makarony, Wrapy",25.0,45.0
Przystanek Ogień i Dym,"Chińska, Burgery, Amerykańska",0.0,80.0
Pizza Na Wypasie Nocą,"Włoska, Dania na lunch, Pizza",15.0,1.0
Solidarności Original Burgers Serial Grillers,"Burgery, Amerykańska",13.0,80.0
OM Sienna,"Tajska, Indyjska",8.0,60.0
Dina Kebab,"Turecka, Kebab",3.0,25.0
Ou Sushi,"Sushi, Japońska",0.0,89.0
Da Grasso,"Włoska, Pizza, Sałatki",5.0,20.0
Big Adriano Deep Dish Pizza & Grill,"Burgery, Amerykańska, Pizza",2.99,26.0
Sen o sushi,"Sushi, Japońska",0.0,150.0
Pora Karmienia Pizza Pasta Kebab,"Makarony, Pizza, Kebab",0.0,40.0
Thai Me Up,"Tajska, Owoce morza",18.0,50.0
Manty Restauracja Uzbecka,"Dania na lunch, Zupy, Sałatki",8.0,50.0
Georgia Restauracja Gruzińska,"Dania na lunch, Sałatki, Gruzińska",15.0,100.0
Yume Sushi,"Sushi, Japońska, Pierogi",0.0,50.0
Sushi Chef,"Sushi, Japońska",0.0,90.0
Biesiadowo,"Włoska, Pizza, Sałatki",6.0,20.0
City Restaurant,"Włoska, Pizza, Sałatki",5.0,35.0
Susharnia,"Sushi, Japońska, Zupy",0.0,100.0
Catering Zushi,"Sushi, Japońska, Owoce morza",0.0,60.0
Everest Lounge food music & bar,"Wegetariańska, Ryby, Indyjska",15.0,30.0
Welcome India,Indyjska,0.0,40.0
Pizzeria Giovanni,"Włoska, Makarony, Pizza",0.0,80.0
Prima Pizza Noc,"Włoska, Makarony, Pizza",5.0,30.0
Mechanizm Kręcenia Pizza Nocą,"Włoska, Pizza, Sałatki",6.0,20.0
Vegan Pizza,"Wegetariańska, Wegańska, Pizza",6.0,25.0
Center Pizza,"Włoska, Pizza, Sałatki",2.0,20.0
Swagat Kuchnia Indyjska,"Curry, Indyjska",0.0,60.0
Pizzeria Złota 65,Włoska,0.0,28.0
Via Suzina,"Włoska, Makarony, Pizza",24.0,50.0
Maharaja Thai,"Tajska, Curry, Indyjska",18.0,50.0
Casablanca,"Międzynarodowa, Arabska, Falafel",18.0,50.0
Dekant WineBar & Restaurant,"Polska, Dania na lunch",24.0,50.0
77 Sushi,"Sushi, Japońska",19.9,150.0
Kotłownia,"Makarony, Sałatki, Drób",24.0,50.0
L'arc,"Francuska, Ryby, Zupy",24.0,50.0
Bar Viet My,"Chińska, Tajska, Wietnamska",5.0,80.0
Silk&Spicy,"Tajska, Japońska",24.0,50.0
Amal Kebab,"Turecka, Kebab",0.0,20.0
Ha Noi Bar Orientalny,"Chińska, Tajska, Wietnamska",0.0,30.0
Boscaiola,"Włoska, Dania na lunch, Makarony",24.0,50.0
Sushi Maestro,"Sushi, Japońska",10.0,80.0
Sumada sushi,"Sushi, Japońska, Pierogi",10.0,100.0
Kuchnia Smakosza,"Dania na lunch, Makarony, Sałatki",24.0,50.0
Premium Sushi & More,Sushi,25.0,70.0
Sushi Nocą,"Sushi, Japońska, Wegańska",15.0,50.0
BONAppetit,"Włoska, Makarony, Pizza",3.0,25.0
Kary Mary Indian Food,"Dania na lunch, Indyjska",7.0,50.0
Pizzeria Verde Oliva,"Włoska, Dania na lunch, Zupy",5.0,28.0
Black Real Burgers,"Burgery, Przekąski, Amerykańska",24.0,50.0
Power Bull Burgers,"Burgery, Przekąski, Amerykańska",0.0,25.0
Soja Sushi & Thai,"Sushi, Sałatki",0.0,100.0
Shiva Lounge,"Dania na lunch, Indyjska",15.0,39.0
Pizzeria 30,"Włoska, Makarony, Pizza",4.0,30.0
My kebab,"Turecka, Falafel, Kebab",5.0,30.0
Shahi Curry,"Curry, Indyjska",15.0,40.0
Kumate Sushi,"Chińska, Sushi, Japońska",7.0,47.0
zaParowani Nocą,"Chińska, Pierogi",6.0,25.0
Naleśnikarnia Smile,"Dania na lunch, Przekąski, Naleśniki",15.0,40.0
Makalu Restauracja Indyjska,Indyjska,10.0,100.0
Burger Station,"Pierogi, Burgery, Amerykańska",15.0,60.0
Pycha Na Widelcu,"Polska, Makarony, Pizza",8.0,40.0
Dobra Buła - Karabeli,"Burgery, Amerykańska",0.0,40.0
Thai Simple,"Tajska, Wietnamska",3.0,30.0
Amal Kebab Noc,"Arabska, Kebab",9.0,20.0
West Cury Express,"Wegetariańska, Curry, Indyjska",10.0,45.0
Pizza po zachodzie,"Włoska, Makarony, Pizza",12.0,60.0
Caviar Sushi,Sushi,7.0,40.0
India House,"Zupy, Curry, Indyjska",20.0,40.0
Wypas Burger,"Burgery, Amerykańska, Sałatki",9.0,35.0
Indyk Boss,"Burgery, Przekąski, Wrapy",0.0,40.0
Sushi Ursus,Sushi,6.0,60.0
Cziken Boss Noc,"Burgery, Amerykańska, Sałatki",5.0,35.0
Klawa Szama,"Polska, Dania na lunch",15.0,30.0
Soto Sushi,"Sushi, Japońska",0.0,50.0
El Kurra,"Meksykańska, Polska, Dania na lunch",0.0,40.0
Burgery Nocą Targówek,"Burgery, Przekąski, Amerykańska",9.0,45.0
Hokkaido Sushi,Sushi,0.0,70.0
Restauracja Awangarda,"Polska, Pizza",7.0,40.0
Sushi Love,Sushi,15.0,120.0
Smak Curry,"Curry, Indyjska",0.0,120.0
Everest Nepal,"Tajska, Dania na lunch, Indyjska",15.0,50.0
Amai Sushi,"Sushi, Japońska",0.0,35.0
P&P,"Polska, Pierogi",15.0,40.0
Pyszny Naleśnik,"Desery, Polska, Naleśniki",10.0,50.0
Pizza Expert Noc,"Włoska, Pizza",0.0,45.0
Statek Food,"Chińska, Tajska, Wietnamska",4.0,28.0
Chupan Kebab,"Przekąski, Falafel, Kebab",0.0,25.0
Kebab Żbik,"Falafel, Kebab",8.0,30.0
Centralny Bar Mleczny 24 h,"Polska, Pierogi, Naleśniki",8.0,15.0
Mado Kebab Grill,"Falafel, Kebab",4.3,25.0
Bombay Dreams,"Curry, Indyjska",7.0,50.0
Street Burger,"Burgery, Przekąski, Amerykańska",0.0,25.0
Pizzeria Il Vicoletto,"Włoska, Makarony, Pizza",5.0,35.0
Fugu Sushi Chodkiewicza,"Sushi, Japońska",0.0,120.0
Projekt Sushi,"Sushi, Japońska, Owoce morza",10.0,50.0
Sushi Zushi,Sushi,0.0,150.0
Brother's pizza Black and White,"Pizza, Sałatki",6.0,25.0
Rodari Pizza,"Włoska, Makarony, Pizza",0.0,30.0
Rock'n'roll Sushi Puławska,"Sushi, Japońska, Międzynarodowa",8.0,100.0
Melodia Smaku,"Polska, Dania na lunch, Pierogi",6.0,55.0
Spice Garden,Indyjska,6.0,35.0
Tikka Tango,"Zupy, Menu dla dzieci, Indyjska",0.0,39.0
Boscaiola,"Włoska, Pizza",24.0,50.0
Rock N' Roll Sushi Żelazna,Sushi,0.0,100.0
Kebabish,"Gyros, Falafel, Kebab",20.0,40.0
Nocny Kebabish,"Turecka, Falafel, Kebab",20.0,40.0
Piacere Night,"Włoska, Wegańska, Pizza",8.0,35.0
Masala Curry - Restauracja Indyjska,"Curry, Indyjska",5.0,40.0
Burgerownia,"Burgery, Przekąski, Amerykańska",24.0,50.0
Boscaiola,"Włoska, Pizza, Sałatki",24.0,50.0
Literatka,"Dania na lunch, Zupy, Sałatki",24.0,50.0
Restauracja Ebi Sushi Piastów,Sushi,10.0,50.0
San Giovanni,"Włoska, Pizza",5.0,25.0
Sushi Roll Bistro,"Sushi, Japońska",10.0,50.0
Pogromcy Meatów,"Burgery, Amerykańska",24.0,50.0
Matsuri Sushi,"Sushi, Japońska",0.0,100.0
Aroma & Taste,"Curry, Indyjska",0.0,40.0
Nachos by Night,"Hiszpańska/Tapas, Meksykańska, Przekąski",23.0,70.0
Mamma Mia Never Closed,"Makarony, Pizza, Sałatki",10.0,50.0
Pizza Expert,"Pizza, Sałatki",12.0,50.0
Indian Curry,"Curry, Indyjska",15.0,40.0
Anokha India,"Zupy, Sałatki, Indyjska",15.0,69.0
Pierogarnia Skazka,"Polska, Dania na lunch, Pierogi",15.0,120.0
Coco Pizza by night,"Włoska, Pizza",10.0,39.0
Hindu Curry,"Curry, Indyjska",10.0,40.0
Restauracja Gruzińska Tbilisi,"Dania na lunch, Zupy, Gruzińska",15.0,100.0
Taste of Aroma,"Zupy, Curry, Indyjska",7.0,60.0
Rock N'Roll Sushi,Sushi,8.0,100.0
Restauracja Indyjska Injachi,"Zupy, Owoce morza, Indyjska",15.0,45.0
Kuchnia Orientalna Smaki Wschodu,"Chińska, Tajska, Wietnamska",12.0,50.0
Bar Leniwiec,"Polska, Dania na lunch, Pierogi",0.0,25.0
Dobra Buła - Karabeli,"Burgery, Amerykańska",0.0,35.0
Pizza po zachodzie,"Włoska, Makarony, Pizza",5.0,35.0
India House,"Zupy, Curry, Indyjska",15.0,40.0
Amai Sushi,"Sushi, Japońska",0.0,70.0
Pizza Nocą u Dziadka,"Włoska, Pizza",6.5,30.0
Stefano Diem Linh,"Wietnamska, Polska, Pizza",6.0,25.0
Tapas Bar El Punto,"Hiszpańska/Tapas, Zupy, Międzynarodowa",0.0,40.0
Spice Garden,Indyjska,10.0,35.0
Aroma & Taste,"Curry, Indyjska",5.0,40.0
Pizzeria Gemelli,"Włoska, Pizza, Sałatki",0.0,80.0
Pizzeria Di Mateo,"Włoska, Pizza, Sałatki",0.0,30.0
Gruby Benek,"Włoska, Pizza",10.5,50.0
I Love Sushi,"Sushi, Japońska",3.0,75.0
Royal Kebab Michałowice,"Turecka, Sałatki, Kebab",6.0,20.0
Da Grasso,"Włoska, Pizza, Sałatki",6.0,20.0
Casablanca,"Międzynarodowa, Arabska, Falafel",24.0,50.0
Ryż&Fish,Sushi,10.0,30.0
Erebuni Kebab,"Turecka, Międzynarodowa, Kebab",10.0,10.0
Gruzja Kebab,"Pierogi, Międzynarodowa",15.0,80.0
Power Bull Burgers,"Burgery, Przekąski, Amerykańska",0.0,80.0
Shiva Lounge,"Dania na lunch, Indyjska",20.0,39.0
Restauracja Indyjska Kurkuma,"Curry, Indyjska",15.0,100.0
Palermo Pizza & Pasta,"Dania na lunch, Pizza",0.0,20.0
Telepizza,"Włoska, Pizza",10.0,27.0
Pizza po zachodzie,"Włoska, Makarony, Pizza",40.0,45.0
Caviar Sushi,Sushi,10.0,40.0
Cziken Boss Noc,"Burgery, Amerykańska, Sałatki",15.0,50.0
Cziken Boss,"Burgery, Amerykańska, Sałatki",7.0,35.0
Pizza po Zmroku,"Włoska, Makarony, Pizza",13.0,30.0
Sushi Fit,"Sushi, Ryby, Japońska",0.0,100.0
Chupan Kebab,"Przekąski, Falafel, Kebab",3.0,25.0
Street Burger,"Burgery, Przekąski, Amerykańska",0.0,80.0
Nam Ninh,"Tajska, Wietnamska",10.0,30.0
Classic Doner Kebab,"Turecka, Falafel, Kebab",5.0,30.0
Masala Curry - Restauracja Indyjska,"Curry, Indyjska",8.0,40.0
I Love Sushi,"Sushi, Japońska",2.0,75.0
Sushi Ronin,"Sushi, Japońska",0.0,40.0
Mai Pizza Break,"Włoska, Pizza, Sałatki",20.0,25.0
Popis Władzy,"Włoska, Pizza",20.0,25.0
Metronocni,"Włoska, Pizza, Sałatki",20.0,25.0
Vintuna Kuchnia Tajska,"Tajska, Zupy, Owoce morza",15.0,70.0
Da Grasso,"Włoska, Pizza, Sałatki",3.5,20.0
Pora Karmienia Pizza Pasta Kebab,"Makarony, Pizza, Kebab",0.0,90.0
Kotłownia,"Makarony, Sałatki, Drób",18.0,50.0
Domino's Pizza,"Desery, Pizza",0.0,29.0
Sumada sushi,"Sushi, Japońska, Pierogi",15.0,100.0
Telepizza,"Włoska, Pizza",5.0,27.0
Amal Kebab Noc,"Arabska, Kebab",6.0,20.0
Kura i Frytura,"Burgery, Amerykańska, Sałatki",10.0,40.0
Pizza Nocą u Dziadka,"Włoska, Pizza",5.5,30.0
Zeppelin Burger,"Burgery, Przekąski, Amerykańska",0.0,35.0
Sushi Zushi,Sushi,0.0,100.0
Trattoria Prima Pasta,"Włoska, Makarony",18.0,50.0
Bao Ngoc,"Tajska, Wietnamska, Makarony",7.0,100.0
Taste of Aroma,"Zupy, Curry, Indyjska",5.0,60.0
Gruby Benek,"Włoska, Pizza",8.5,50.0
Vintuna Kuchnia Tajska,"Tajska, Zupy, Owoce morza",20.0,70.0
Shahi Curry,"Curry, Indyjska",15.0,50.0
Vega,"Wegetariańska, Dania na lunch",20.0,23.0
Da Grasso,"Włoska, Pizza, Sałatki",4.0,20.0
Cziken Boss,"Burgery, Amerykańska, Sałatki",5.0,35.0
Mado Kebab Grill,"Falafel, Kebab",2.3,25.0
Brother's pizza Black and White,"Pizza, Sałatki",10.0,30.0
Kuchnia Wietnamska Viet Thai,"Chińska, Tajska, Wietnamska",8.0,35.0
Kura i Frytura,"Burgery, Amerykańska, Sałatki",8.0,35.0
India Gate,"Dania na lunch, Curry, Indyjska",10.0,80.0
Stefano Diem Linh,"Wietnamska, Polska, Pizza",5.0,25.0
Melodia Smaku,"Polska, Dania na lunch, Pierogi",5.0,45.0
Pizza Expert Noc,"Włoska, Pizza",0.0,30.0
Prima Pizza Noc,"Włoska, Makarony, Pizza",2.0,30.0
Via Suzina,"Włoska, Makarony, Pizza",18.0,50.0
Black Real Burgers,"Burgery, Przekąski, Amerykańska",18.0,50.0
Asia Deli,"Chińska, Tajska, Wietnamska",5.0,30.0
Kura i Frytura,"Burgery, Amerykańska, Sałatki",7.0,35.0
Hindu Curry,"Curry, Indyjska",5.0,40.0
Kuchnia Orientalna Smaki Wschodu,"Chińska, Tajska, Wietnamska",12.0,40.0
Burgery Nocą,"Burgery, Amerykańska",0.0,40.0
Dobra Buła,"Burgery, Amerykańska",0.0,35.0
Lider Kebab Kasprowicza,"Turecka, Kanapki, Sałatki",7.0,20.0
zaParowani Nocą,"Chińska, Pierogi",10.0,25.0
Agni Kebab,"Turecka, Kebab",6.0,50.0
Thai Simple,"Tajska, Wietnamska",6.0,30.0
Sensei,"Sushi, Ryby, Japońska",10.0,90.0
Sushi Bistro - Ursynów,"Sushi, Ryby, Japońska",0.0,20.0
Laligurash - Restauracja Nepalska i Indyjska,"Zupy, Owoce morza, Indyjska",6.0,50.0
Rock'n'roll Sushi Puławska,"Sushi, Japońska, Międzynarodowa",10.0,100.0
Tikka Tango,"Zupy, Menu dla dzieci, Indyjska",10.0,39.0
Kebabish Grill Bar,"Turecka, Kebab",15.0,30.0
Chiński Smak,"Chińska, Pierogi, Sałatki",10.0,30.0
Rock N'Roll Sushi,Sushi,10.0,100.0
India Express by Mandala Centrum,"Tajska, Zupy, Indyjska",20.0,30.0
Bałkan Grill Najlepsza Kuchnia Serbska,"Burgery, Sałatki, Kebab",14.0,100.0
Spring Roll,"Tajska, Wietnamska, Dania na lunch",18.0,50.0
Pizza Na Wypasie Nocą,"Włoska, Dania na lunch, Pizza",18.0,1.0
Pizzeria Boscaiola,"Włoska, Pizza, Sałatki",18.0,50.0
Q&B Kuchnia orientalna i wege,"Wietnamska, Wegańska",5.0,35.0
Gruba Ryba,"Sushi, Tajska, Zupy",0.0,50.0
Bar&Restauracja Mekong,"Tajska, Zupy",0.0,60.0
Literatka,"Dania na lunch, Zupy, Sałatki",18.0,50.0
Dobra Buła Bielany,"Dania na lunch, Burgery, Amerykańska",7.0,35.0
Saiko Sushi,"Sushi, Japońska",10.0,40.0
Nachos by Night,"Hiszpańska/Tapas, Meksykańska, Przekąski",15.0,50.0
Hagiel Bistro,"Polska, Dania na lunch, Pierogi",0.0,35.0
Burgery Nocą Targówek,"Burgery, Przekąski, Amerykańska",9.0,35.0
Krówka i Połówka,"Burgery, Amerykańska, Wołowina",5.0,30.0
ToTu Chińska Pierogarnia Saska Kępa,"Chińska, Pierogi, Zupy",8.0,60.0
Pizzeria Gemelli,"Włoska, Pizza, Sałatki",0.0,60.0
Power Bull Burgers,"Burgery, Przekąski, Amerykańska",0.0,60.0
Pizzeria 105 Stopiątka,"Włoska, Makarony, Pizza",0.0,30.0
Street Burger,"Burgery, Przekąski, Amerykańska",0.0,60.0
I Love Sushi,"Sushi, Japońska",9.0,75.0
Biesiadowo,"Włoska, Pizza, Sałatki",7.0,20.0
Vegan Pizza,"Wegetariańska, Wegańska, Pizza",6.0,20.0
BONAppetit,"Włoska, Makarony, Pizza",5.0,25.0
Fenicja - Restauracja Libańska Arkadia,"Turecka, Zupy, Sałatki",3.0,25.0
Prima Pizza Noc,"Włoska, Makarony, Pizza",7.0,30.0
Center Pizza,"Włoska, Pizza, Sałatki",4.0,25.0
Łuski i Ości,"Sushi, Japońska",6.0,100.0
Fabryka Pizzy,"Włoska, Makarony, Pizza",0.0,30.0
Pizza po Zmroku,"Włoska, Makarony, Pizza",18.0,30.0
Kebabish,"Gyros, Falafel, Kebab",10.0,40.0
Indian Curry,"Curry, Indyjska",8.0,40.0
Taste of Aroma,"Zupy, Curry, Indyjska",10.0,100.0
Jak u Mamy Obiady Domowe,"Polska, Dania na lunch, Zupy",0.0,60.0
Kwadrans Cafe,"Dania na lunch, Pierogi, Burgery",24.99,55.0
Pizza Na Wypasie Nocą,"Włoska, Dania na lunch, Pizza",14.0,1.0
"Król Ziemniak - Ziemniaki, pierogi, makarony","Polska, Pierogi, Makarony",13.0,1.0
Viet-Tien Kuchnia Orientalna,"Wietnamska, Japońska",0.0,20.0
Masala Curry - Restauracja Indyjska,"Curry, Indyjska",0.0,40.0
Pierogarnia Skazka,"Polska, Dania na lunch, Pierogi",12.0,90.0
Rioni - Restauracja Gruzińska,"Dania na lunch, Pierogi, Gruzińska",0.0,80.0
Wypas Burger,"Burgery, Amerykańska, Sałatki",7.0,30.0
Restauracja Awangarda,"Polska, Pizza",5.0,25.0
Sushi Love,Sushi,10.0,70.0
Batumi Na Ursynowie,"Dania na lunch, Pizza, Gruzińska",0.0,135.0
KOH Azja Restauracja,"Chińska, Tajska, Wietnamska",0.0,35.0
Curry House,"Zupy, Sałatki, Indyjska",18.0,50.0
Smak Curry,"Curry, Indyjska",0.0,100.0
Rock'n'roll Sushi Puławska,"Sushi, Japońska, Międzynarodowa",6.0,100.0
Anokha India,"Zupy, Sałatki, Indyjska",10.0,59.0
Rock N'Roll Sushi,Sushi,6.0,100.0
Kafroun Kebab,"Turecka, Kebab",0.0,22.0
Nanaki Sushi,"Sushi, Japońska, Owoce morza",0.0,79.0
Klukovka,"Dania na lunch, Pierogi, Zupy",5.0,50.0
77 Sushi,"Sushi, Japońska",14.9,100.0
Mix Masala Restauracja Indyjska,"Curry, Indyjska",10.0,50.0
Boscaiola,"Włoska, Dania na lunch, Makarony",18.0,50.0
Stefano Diem Linh,"Wietnamska, Polska, Pizza",4.0,25.0
Nocny Kebabish,"Turecka, Falafel, Kebab",15.0,40.0
Boscaiola,"Włoska, Pizza, Sałatki",18.0,50.0
CURRY Express,"Curry, Indyjska",5.0,35.0
Wow Kebab,"Turecka, Gyros, Kebab",5.0,25.0
Hallo Pizza,"Włoska, Pizza, Sałatki",4.9,27.0
Hagiel Bistro,"Polska, Dania na lunch, Pierogi",3.0,35.0
Chmielarnia,"Tajska, Dania na lunch, Sałatki",8.0,40.0
Mała Italia,"Włoska, Makarony, Pizza",6.0,30.0
Trattoria Boccone,"Włoska, Makarony, Sałatki",0.0,50.0
Rosmarino Pizza e Pasta,"Włoska, Makarony, Pizza",0.0,30.0
Pizzeria 105 Stopiątka,"Włoska, Pizza, Sałatki",0.0,30.0
Hallo Pizza,"Włoska, Pizza, Sałatki",4.9,25.0
India Express by Mandala,Indyjska,10.0,30.0
Himalayan Yeti,"Tajska, Wegetariańska, Indyjska",5.0,70.0
New York Pizza Department,"Włoska, Makarony, Pizza",4.0,25.0
Harbi Kebab,"Turecka, Arabska, Kebab",0.0,40.0
Sushi Kushi,"Sushi, Japońska, Zupy",0.0,50.0
New York Pizza Department,"Włoska, Amerykańska, Pizza",4.0,25.0
Pan Szama,"Polska, Wrapy",20.0,40.0
Kebab Habiba,"Dania na lunch, Arabska, Kebab",8.5,20.0
Bar Azjatycki,Włoska,6.0,1.0
Curry House,"Zupy, Sałatki, Indyjska",8.0,40.0
La Verona Pizzeria,"Włoska, Pizza, Sałatki",5.0,30.0
Sushiberry,"Sushi, Japońska, Dania na lunch",0.0,200.0
Pokątna,"Dania na lunch, Burgery, Pizza",5.0,25.0
Center Pizza,"Włoska, Pizza, Sałatki",8.0,25.0
Kurczak z rożna na Wyszogrodzkiej,"Polska, Menu dla dzieci, Drób",12.0,45.0
Kotłownia,"Makarony, Sałatki, Drób",16.0,50.0
Dance Burger,"Burgery, Przekąski, Amerykańska",9.0,40.0
Ha Noi Bar Orientalny,"Chińska, Tajska, Wietnamska",5.0,30.0
Bao Bao Asian Food House,"Chińska, Wietnamska",8.0,40.0
Shizen Restaurant & Sushi Bar Galeria Północna,"Sushi, Japońska",0.0,120.0
Waniliowa,"Polska, Dania na lunch, Menu dla dzieci",5.0,25.0
Pizza Tokarza,"Włoska, Pizza",5.0,0.0
Fabryka Sushi,"Sushi, Japońska",0.0,50.0
Thai Simple,"Tajska, Wietnamska",15.0,30.0
Restauracja Struna,"Polska, Pierogi, Zupy",0.0,40.0
Sushi Ursus,Sushi,8.0,60.0
Cziken Boss,"Burgery, Amerykańska, Sałatki",4.0,35.0
Kura i Frytura,"Burgery, Amerykańska, Sałatki",8.0,40.0
Makarun Spaghetti And Salad,"Włoska, Makarony",4.0,20.0
Saito Sushi,"Sushi, Japońska, Dania na lunch",0.0,99.0
Kuchnia Autorska,"Burgery, Makarony, Pizza",5.0,30.0
Ali Kebab,Kebab,7.5,20.0
Soto Sushi,"Sushi, Japońska",0.0,40.0
Da Grasso Derby Nocą,"Włoska, Amerykańska, Pizza",0.0,50.0
Pizzeria Cyraneczka,"Włoska, Przekąski, Pizza",5.0,30.0
Izumi Sushi and Grill,"Sushi, Japońska",15.0,150.0
Vege Sushi,"Sushi, Wegetariańska, Wegańska",15.0,30.0
Restauracja Ebi Sushi Piastów,Sushi,15.0,100.0
Dim Sun Sushi,"Sushi, Japońska",0.0,50.0
Chiński Smak,"Chińska, Pierogi, Sałatki",6.0,30.0
Sushiroll Bistro Centrum,"Sushi, Japońska, Wegańska",10.0,60.0
Domowo Bemowo Bistro-Bar,"Polska, Pierogi, Wołowina",0.0,30.0
Kago by Alon Japanese Restaurant & Cocktail Bar,Sushi,0.0,50.0
Arabella,"Włoska, Dania na lunch, Pizza",0.0,30.0
L'arc,"Francuska, Ryby, Zupy",18.0,50.0
Da Grasso,"Włoska, Dania na lunch, Pizza",2.5,20.0
Nam Ninh,"Tajska, Wietnamska",12.0,20.0
Sen o sushi,"Sushi, Japońska",0.0,50.0
Melodia Smaku,"Polska, Dania na lunch, Pierogi",3.0,25.0
Maharaja Thai,"Tajska, Curry, Indyjska",16.0,50.0
Pizzeria Giovanni,"Włoska, Makarony, Pizza",0.0,60.0
My Onigiri,Japońska,0.0,50.0
Pizza Dominium,"Włoska, Makarony, Pizza",0.0,31.0
Sushiberry,"Sushi, Japońska, Dania na lunch",0.0,70.0
Sushi World,"Sushi, Japońska, Międzynarodowa",0.0,40.0
Kadoto Sushi,Sushi,5.0,100.0
Pizza Enigma,"Włoska, Pizza",3.0,25.0
Taste of Aroma,"Zupy, Curry, Indyjska",0.0,40.0
Susharnia,"Sushi, Japońska, Zupy",0.0,70.0
Pizza Enigma,"Włoska, Pizza",3.0,100.0
Dobra Buła - Karabeli,"Burgery, Amerykańska",1.0,35.0
Przystanek Ogień i Dym,"Chińska, Burgery, Amerykańska",0.0,40.0
Kuchnia Orientalna Smaki Wschodu,"Chińska, Tajska, Wietnamska",10.0,30.0
Rasoi Restauracja Indyjska,"Zupy, Sałatki, Indyjska",0.0,35.0
Kebab King,"Turecka, Dania na lunch, Sałatki",3.3,20.0
Tsuri Sushi,"Sushi, Japońska, Owoce morza",0.0,50.0
Pizza 60,"Włoska, Pizza",5.0,20.0
Sumada sushi,"Sushi, Japońska, Pierogi",10.0,70.0
Pierożki na Parze Parowóz Ochota,"Chińska, Pierogi, Międzynarodowa",0.0,30.0
Rasoi Restauracja Indyjska,"Zupy, Sałatki, Indyjska",0.0,50.0
Sushi Maestro,"Sushi, Japońska",0.0,50.0
Bombay Lounge,Indyjska,10.0,50.0
Shiva Lounge,"Dania na lunch, Indyjska",5.0,39.0
KOH Azja Restauracja,"Chińska, Tajska, Wietnamska",0.0,50.0
Papa John's,"Amerykańska, Pizza, Drób",0.0,29.0
Da Grasso,"Włoska, Pizza, Kebab",5.0,20.0
Dobra Buła,"Burgery, Amerykańska",0.0,39.0
Hallo Pizza,"Włoska, Pizza, Sałatki",7.5,27.0
Green it.,"Dania na lunch, Wrapy, Sałatki",8.0,40.0
Biesiadowo,"Włoska, Pizza, Sałatki",5.5,20.0
Papryczka Pizza & Restaurant,"Makarony, Pizza, Sałatki",5.0,30.0
Domino's Pizza,"Włoska, Pizza",0.0,29.0
Skok na wok,"Tajska, Pierogi, Zupy",7.0,40.0
KFP Bar Mleczny,Polska,8.0,40.0
Placek,"Włoska, Dania na lunch, Pizza",14.99,25.0
Kurczak z rożna na Wyszogrodzkiej,"Polska, Menu dla dzieci, Drób",15.0,60.0
Pizza Nocą u Dziadka,"Włoska, Pizza",4.5,30.0
Złoty Ryż,"Chińska, Tajska, Dania na lunch",12.0,40.0
Sensi Sushi Bemowo,"Sushi, Japońska, Zupy",0.0,50.0
Vintuna Kuchnia Tajska,"Tajska, Zupy, Owoce morza",10.0,40.0
Curry Leaf Kuchnia Indyjska,"Zupy, Sałatki, Indyjska",12.0,50.0
Agni Kebab,"Turecka, Kebab",3.0,20.0
Amal Kebab Noc,"Arabska, Kebab",3.0,20.0
Kura i Frytura,"Burgery, Amerykańska, Sałatki",7.0,40.0
Pierogi z Pieca,"Polska, Pierogi, Zupy",8.0,35.0
Vega,"Wegetariańska, Dania na lunch",18.0,23.0
Kurczak z rożna na Wyszogrodzkiej,"Polska, Menu dla dzieci, Drób",14.0,45.0
Da Grasso,"Włoska, Pizza, Kebab",4.0,20.0
Kumpir & Kebab,"Turecka, Falafel, Kebab",3.0,25.0
Kurczak z rożna na Wyszogrodzkiej,"Polska, Menu dla dzieci, Drób",15.0,50.0
Albero,"Włoska, Polska, Pizza",4.0,10.0
Ha Noi Bar Orientalny,"Chińska, Tajska, Wietnamska",10.0,30.0
Younas Kebab,"Turecka, Arabska, Kebab",5.0,20.0
Vintuna Kuchnia Tajska,"Tajska, Zupy, Owoce morza",5.0,40.0
Night Burger,"Burgery, Amerykańska",0.0,30.0
Laligurash - Restauracja Nepalska i Indyjska,"Zupy, Owoce morza, Indyjska",0.0,50.0
Obiadkowo Bistro&Catering,"Polska, Dania na lunch",4.0,25.0
Hindu Curry,"Curry, Indyjska",0.0,40.0
n ALE bistro,"Polska, Pierogi, Naleśniki",0.0,30.0
Sensi Sushi Bemowo,"Sushi, Japońska, Zupy",0.0,90.0
Kuchnia Orientalna Smaki Wschodu,"Chińska, Tajska, Wietnamska",7.0,30.0
SushiRoll Bistro,"Sushi, Japońska, Wegańska",0.0,100.0
Center Pizza,"Włoska, Pizza, Sałatki",6.0,25.0
Naleśnikarnia Smile,"Dania na lunch, Przekąski, Naleśniki",20.0,40.0
SUSHIPAK,"Sushi, Japońska",18.0,90.0
Pizza po zachodzie,"Włoska, Makarony, Pizza",10.0,50.0
P&P,"Polska, Pierogi",20.0,40.0
Centralny Bar Mleczny 24 h,"Polska, Pierogi, Naleśniki",25.0,15.0
Tapas Bar El Punto,"Hiszpańska/Tapas, Zupy, Międzynarodowa",0.0,30.0
Mamma Mia Never Closed,"Makarony, Pizza, Sałatki",20.0,100.0
Da Grasso,"Włoska, Pizza, Kebab",6.0,20.0
Rudy Pies Sushi,Sushi,0.0,25.0
Pizza Nocą u Dziadka,"Włoska, Pizza",9.0,30.0
Pizzeria Sycylia,"Włoska, Pizza",3.0,25.0
Matsuri Sushi,"Sushi, Japońska",10.0,100.0
Gruby Benek,"Włoska, Pizza",6.5,50.0
Pizza Nocą u Dziadka,"Włoska, Pizza",3.5,30.0
Lider Kebab Kasprowicza,"Turecka, Kanapki, Sałatki",3.0,20.0
Thai Simple,"Tajska, Wietnamska",11.0,30.0
Red Hot Chicken,"Kanapki, Wrapy, Drób",5.0,40.0
Take Sushi Radość,"Sushi, Japońska, Owoce morza",0.0,100.0
Sushi Box,"Sushi, Japońska, Zupy",0.00,150.00
Gold Sushi,"Sushi, Japońska, Zupy",0.00,100.00
Restauracja Katmandu,"Tajska, Wegetariańska, Indyjska",15.00,40.00
Da Grasso,"Włoska, Pizza, Kebab",5.00,20.00
Grande Pierogi,"Polska, Pierogi, Zupy",0.00,80.00
Pizzeria Gemelli,"Włoska, Pizza, Sałatki",0.00,25.00
Saiko Sushi,"Sushi, Japońska",10.00,40.00
Restauracja Indyjska Injachi,"Zupy, Owoce morza, Indyjska",15.00,45.00
India Express by Mandala Centrum,"Tajska, Zupy, Indyjska",15.00,30.00
India Express by Mandala Mokotów,"Tajska, Zupy",20.00,30.00
Bar Restauracyjny Saigon Bemowo,"Chińska, Wietnamska, Dania na lunch",6.00,30.00
Pekin Duck,"Chińska, Kaczka, Drób",18.00,50.00
Sensi Sushi Bemowo,"Sushi, Japońska, Zupy",0.00,60.00
Kuchnia Orientalna Smaki Wschodu,"Chińska, Tajska, Wietnamska",6.00,25.00
Besuto Sushi Bar,"Sushi, Japońska, Dania na lunch",0.00,50.00
Burgery Nocą,"Burgery, Amerykańska",0.00,40.00
Amrit Oriental Food,Turecka,1.00,21.00
Kebab King,Turecka,3.30,20.00
TODO Sushi,"Sushi, Japońska",0.00,80.00
Kebab Habiba,"Dania na lunch, Arabska, Kebab",8.50,20.00
Red-Sun Sushi,"Sushi, Japońska, Owoce morza",0.00,150.00
Koku Sushi,"Sushi, Japońska, Przekąski",0.00,40.00
Pierogi z Pieca,"Polska, Pierogi, Zupy",8.00,50.00
Gruby Benek,"Włoska, Pizza",8.50,50.00
Bar Azjatycki,Włoska,6.00,1.00
Pepperoni Ristorante Pizzeria Noc,"Włoska, Pizza",15.00,25.00
Villa Sushi & Thai,"Sushi, Japońska",0.00,150.00
Oto Sushi,"Sushi, Japońska, Owoce morza",20.00,150.00
I Love Sushi,"Sushi, Japońska",0.00,75.00
Spring Roll,"Tajska, Wietnamska, Dania na lunch",24.00,50.00
Curry House,"Zupy, Sałatki, Indyjska",8.00,40.00
Khuk by Little Thai Gallery,"Tajska, Owoce morza",24.00,50.00
Mizumi Sushi,"Sushi, Japońska",0.00,50.00
La Verona Pizzeria,"Włoska, Pizza, Sałatki",5.00,30.00
Kik Fit Bar,"Burgery, Makarony, Wrapy",25.00,45.00
ToTu Chińska Pierogarnia Słowackiego,"Chińska, Pierogi, Zupy",8.00,60.00
Pizza Dominium,Włoska,0.00,31.00
Chicago's Pizza Pasta & Grill Radiowa,"Włoska, Dania na lunch, Makarony",0.00,25.00
Sushi Bar,"Sushi, Japońska",0.00,47.00
Solidarności Original Burgers Serial Grillers,"Burgery, Amerykańska",13.00,120.00
Sushiberry,"Sushi, Japońska, Dania na lunch",0.00,50.00
Vintuna Kuchnia Tajska,"Tajska, Zupy, Owoce morza",15.00,70.00
Bydło i Powidło,"Kanapki, Burgery, Amerykańska",18.00,50.00
Ou Sushi,"Sushi, Japońska",0.00,89.00
Pizzeria Boscaiola,"Włoska, Pizza, Sałatki",24.00,50.00
Sen o sushi,"Sushi, Japońska",0.00,90.00
Nanaki Sushi,"Sushi, Japońska, Owoce morza",0.00,199.00
Łuski i Ości,"Sushi, Japońska",3.00,50.00
Thai Me Up,"Tajska, Owoce morza",24.00,50.00
Wana Sushi,"Sushi, Japońska",0.00,120.00
Curry House,"Zupy, Sałatki, Indyjska",22.00,50.00
Mojo Picon,"Hiszpańska/Tapas, Sałatki, Owoce morza",24.00,50.00
Indian Dawat,"Dania na lunch, Sałatki, Indyjska",9.00,50.00
Tokyo Sushi,"Sushi, Japońska, Owoce morza",0.00,100.00
SushiRoll Bistro,"Sushi, Japońska, Wegańska",0.00,60.00
Bin Bin Chińskie Pierogi,"Chińska, Pierogi",6.00,25.00
Curry Leaf Kuchnia Indyjska,"Zupy, Sałatki, Indyjska",12.00,50.00
Sushi Chef,"Sushi, Japońska",0.00,90.00
Q&B Kuchnia orientalna i wege,"Wietnamska, Wegańska",5.00,35.00
Biesiadowo,"Włoska, Pizza, Sałatki",5.00,20.00
Susharnia,"Sushi, Japońska, Zupy",0.00,100.00
Catering Zushi,"Sushi, Japońska, Owoce morza",0.00,60.00
Everest Lounge food music & bar,"Wegetariańska, Ryby, Indyjska",15.00,30.00
Restauracja Pod Karpiem,"Polska, Dania na lunch",0.00,65.00
Amai Sushi,"Sushi, Japońska",0.00,150.00
Welcome India,Indyjska,0.00,40.00
Pizzeria Giovanni,"Włoska, Makarony, Pizza",0.00,80.00
Prima Pizza,"Włoska, Makarony, Pizza",4.00,23.00
Prima Pizza Noc,"Włoska, Makarony, Pizza",5.00,30.00
Dobra Buła,"Burgery, Amerykańska",0.00,35.00
Mechanizm Kręcenia Pizza Nocą,"Włoska, Pizza, Sałatki",6.00,20.00
Vegan Pizza,"Wegetariańska, Wegańska, Pizza",6.00,25.00
Center Pizza,"Włoska, Pizza, Sałatki",8.00,25.00
Klukovka,"Dania na lunch, Pierogi, Zupy",20.00,50.00
Sushi Ronin,"Sushi, Japońska",15.00,40.00
Pizza 60,"Włoska, Pizza",0.00,20.00
Lider Kebab Kasprowicza,"Turecka, Kanapki, Sałatki",3.00,20.00
Via Suzina,"Włoska, Makarony, Pizza",18.00,50.00
Maharaja Thai,"Tajska, Curry, Indyjska",18.00,50.00
Casablanca,"Międzynarodowa, Arabska, Falafel",24.00,50.00
Dekant WineBar & Restaurant,"Polska, Dania na lunch",24.00,50.00
77 Sushi,"Sushi, Japońska",19.90,150.00
Kotłownia,"Makarony, Sałatki, Drób",18.00,50.00
L'arc,"Francuska, Ryby, Zupy",24.00,50.00
Dance Burger,"Burgery, Przekąski, Amerykańska",9.00,40.00
Domino's Pizza,"Desery, Pizza",0.00,29.00
Telepizza,"Włoska, Pizza",0.00,27.00
Sushi Mori Tarchomin,"Sushi, Japońska",0.00,70.00
Silk&Spicy,"Tajska, Japońska",24.00,50.00
Kuchnia Wietnamska Viet Thai,"Chińska, Tajska, Wietnamska",8.00,35.00
Bemowo Sushi,"Sushi, Japońska, Owoce morza",0.00,25.00
Indian Taste,"Curry, Indyjska",0.00,120.00
India Express by Mandala,Indyjska,20.00,30.00
Amal Kebab,"Turecka, Kebab",0.00,20.00
Ha Noi Bar Orientalny,"Chińska, Tajska, Wietnamska",10.00,30.00
Boscaiola,"Włoska, Dania na lunch, Makarony",24.00,50.00
Kadoto Sushi,Sushi,10.00,100.00
Pizza Warszawska,"Włoska, Dania na lunch, Pizza",29.90,99.00
Bao Bao Asian Food House,"Chińska, Wietnamska",8.00,40.00
Kuchnia Smakosza,"Dania na lunch, Makarony, Sałatki",24.00,50.00
Sushi Party,"Chińska, Sushi, Japońska",15.00,40.00
Sushi Nocą,"Sushi, Japońska, Wegańska",15.00,50.00
BONAppetit,"Włoska, Makarony, Pizza",3.00,25.00
Game of Pizza,"Włoska, Pizza",29.90,99.00
Shizen Restaurant & Sushi Bar Galeria Północna,"Sushi, Japońska",0.00,120.00
Bombay Lounge,Indyjska,15.00,50.00
Waniliowa,"Polska, Dania na lunch, Menu dla dzieci",5.00,25.00
Black Real Burgers,"Burgery, Przekąski, Amerykańska",18.00,50.00
Power Bull Burgers,"Burgery, Przekąski, Amerykańska",0.00,25.00
Soja Sushi & Thai,"Sushi, Sałatki",0.00,100.00
Soja Sushi,"Chińska, Sushi, Japońska",0.00,50.00
Shiva Lounge,"Dania na lunch, Indyjska",15.00,39.00
Night Burger Noc,"Burgery, Amerykańska",0.00,50.00
CURRY Express,"Curry, Indyjska",7.00,35.00
Restauracja Indyjska Kurkuma,"Curry, Indyjska",15.00,100.00
Younas Kebab,"Turecka, Arabska, Kebab",5.00,20.00
Kumate Sushi,"Chińska, Sushi, Japońska",7.00,47.00
zaParowani Nocą,"Chińska, Pierogi",10.00,25.00
Naleśnikarnia Smile,"Dania na lunch, Przekąski, Naleśniki",15.00,40.00
Nocna Wyżerka,"Włoska, Makarony, Pizza",29.90,99.00
Noc i dzień pizza,"Włoska, Dania na lunch, Pizza",15.50,59.00
Makalu Restauracja Indyjska,Indyjska,10.00,100.00
Agni Kebab,"Turecka, Kebab",3.00,20.00
Ramen by masami,"Tajska, Japońska, Wołowina",0.00,80.00
Night Burger Centrum,"Burgery, Amerykańska, Sałatki",0.00,50.00
Thai Simple,"Tajska, Wietnamska",11.00,30.00
Tanuki Sushi,Sushi,0.00,50.00
Yume Sushi night,"Sushi, Japońska",5.00,1.00
Amal Kebab Noc,"Arabska, Kebab",3.00,20.00
Restauracja Struna,"Polska, Pierogi, Zupy",0.00,40.00
SUSHIPAK,"Sushi, Japońska",0.00,50.00
Pizza po zachodzie,"Włoska, Makarony, Pizza",5.00,35.00
Caviar Sushi,Sushi,7.00,40.00
India House,"Zupy, Curry, Indyjska",20.00,40.00
Wypas Burger,"Burgery, Amerykańska, Sałatki",9.00,40.00
Indyk Boss,"Burgery, Przekąski, Wrapy",0.00,40.00
Sushi Ursus,Sushi,6.00,60.00
Cziken Boss Noc,"Burgery, Amerykańska, Sałatki",5.00,35.00
Cziken Boss,"Burgery, Amerykańska, Sałatki",0.00,35.00
Kura i Frytura,"Burgery, Amerykańska, Sałatki",7.00,35.00
Kura i Frytura,"Burgery, Amerykańska, Sałatki",7.00,40.00
Pizza po Zmroku,"Włoska, Makarony, Pizza",10.00,30.00
Saito Sushi,"Sushi, Japońska, Dania na lunch",0.00,150.00
Klawa Szama,"Polska, Dania na lunch",15.00,30.00
Soto Sushi,"Sushi, Japońska",0.00,50.00
El Kurra,"Meksykańska, Polska, Dania na lunch",0.00,40.00
Burgery Nocą Targówek,"Burgery, Przekąski, Amerykańska",9.00,35.00
Hokkaido Sushi,Sushi,0.00,70.00
Sushi Love,Sushi,15.00,120.00
Sensei,"Sushi, Ryby, Japońska",10.00,90.00
Smak Curry,"Curry, Indyjska",0.00,120.00
Sushi Fit,"Sushi, Ryby, Japońska",0.00,100.00
Amai Sushi,"Sushi, Japońska",0.00,70.00
P&P,"Polska, Pierogi",15.00,40.00
Pyszny Naleśnik,"Desery, Polska, Naleśniki",10.00,50.00
Pizza Expert Noc,"Włoska, Pizza",0.00,45.00
Krówka i Połówka,"Burgery, Amerykańska, Wołowina",5.00,30.00
Centralny Bar Mleczny 24 h,"Polska, Pierogi, Naleśniki",8.00,15.00
Mado Kebab Grill,"Falafel, Kebab",4.30,25.00
Izumi Sushi,"Sushi, Tajska, Dania na lunch",0.00,50.00
Street Burger,"Burgery, Przekąski, Amerykańska",0.00,25.00
Akan Sushi,"Sushi, Ryby, Owoce morza",0.00,74.00
Sushi Bistro - Ursynów,"Sushi, Ryby, Japońska",0.00,20.00
Pierogi Świata,"Polska, Pierogi, Menu dla dzieci",0.00,74.00
Ramen And More,"Tajska, Japońska, Wołowina",0.00,74.00
Laligurash - Restauracja Nepalska i Indyjska,"Zupy, Owoce morza, Indyjska",6.00,50.00
Projekt Sushi,"Sushi, Japońska, Owoce morza",10.00,50.00
Pizza Nocą u Dziadka,"Włoska, Pizza",3.50,30.00
Stefano Diem Linh,"Wietnamska, Polska, Pizza",6.00,25.00
Zeppelin Burger,"Burgery, Przekąski, Amerykańska",0.00,35.00
Sushi Zushi,Sushi,0.00,100.00
Brother's pizza Black and White,"Pizza, Sałatki",6.00,25.00
Pizzeria La Torre Bemowo,"Dania na lunch, Pizza, Sałatki",0.00,25.00
Rock'n'roll Sushi Puławska,"Sushi, Japońska, Międzynarodowa",10.00,100.00
Tanuki Sushi,"Sushi, Japońska",0.00,50.00
Spice Garden,Indyjska,10.00,35.00
Tikka Tango,"Zupy, Menu dla dzieci, Indyjska",15.00,119.00
Pizza Nocna,"Pierogi, Makarony, Pizza",15.50,59.00
Boscaiola,"Włoska, Pizza",24.00,50.00
Vege Sushi,"Sushi, Wegetariańska, Wegańska",15.00,30.00
Rock N' Roll Sushi Żelazna,Sushi,0.00,100.00
Kebabish Grill Bar,"Turecka, Kebab",15.00,30.00
Classic Doner Kebab,"Turecka, Falafel, Kebab",5.00,30.00
Kebabish,"Gyros, Falafel, Kebab",20.00,40.00
Nocny Kebabish,"Turecka, Falafel, Kebab",20.00,40.00
Piacere Night,"Włoska, Wegańska, Pizza",8.00,35.00
Pizzeria Don Carlo's Bemowo,"Włoska, Pizza",5.00,30.00
Boscaiola,"Włoska, Pizza, Sałatki",24.00,50.00
Literatka,"Dania na lunch, Zupy, Sałatki",24.00,50.00
Trattoria Prima Pasta,"Włoska, Makarony",18.00,50.00
Bueno Burger,"Burgery, Amerykańska, Sałatki",0.00,74.00
Restauracja Ebi Sushi Piastów,Sushi,15.00,100.00
Dobra Buła Bielany,"Dania na lunch, Burgery, Amerykańska",7.00,35.00
San Giovanni,"Włoska, Pizza",5.00,25.00
San Giovanni Noc,"Włoska, Pizza",10.00,39.00
Sushi Roll Bistro,"Sushi, Japońska",10.00,50.00
Pogromcy Meatów,"Burgery, Amerykańska",24.00,50.00
Matsuri Sushi,"Sushi, Japońska",0.00,100.00
Aroma & Taste,"Curry, Indyjska",5.00,40.00
Dim Sun Sushi,"Sushi, Japońska",0.00,50.00
Chiński Smak,"Chińska, Pierogi, Sałatki",6.00,30.00
Mamma Mia Never Closed,"Makarony, Pizza, Sałatki",10.00,50.00
Pizza Expert,"Pizza, Sałatki",12.00,50.00
Anokha India,"Zupy, Sałatki, Indyjska",15.00,69.00
Coco Pizza by night,"Włoska, Pizza",10.00,39.00
Domowo Bemowo Bistro-Bar,"Polska, Pierogi, Wołowina",0.00,30.00
Hindu Curry,"Curry, Indyjska",5.00,40.00
Restauracja Gruzińska Tbilisi,"Dania na lunch, Zupy, Gruzińska",15.00,100.00
Taste of Aroma,"Zupy, Curry, Indyjska",5.00,60.00
Rock N'Roll Sushi,Sushi,10.00,100.00
Gruby Benek,"Włoska, Pizza",10.50,50.00
BONAppetit,"Włoska, Makarony, Pizza",5.00,25.00
Naleśnikarnia Smile,"Dania na lunch, Przekąski, Naleśniki",20.00,40.00
Agni Kebab,"Turecka, Kebab",6.00,50.00
P&P,"Polska, Pierogi",20.00,40.00
Fugu Sushi Chodkiewicza,"Sushi, Japońska",0.00,120.00
Nachos by Night,"Hiszpańska/Tapas, Meksykańska, Przekąski",15.00,50.00
Pekin Duck,"Chińska, Kaczka, Drób",24.00,50.00
Bar Restauracyjny Bao Nam,"Wietnamska, Zupy, Owoce morza",4.00,30.00
Kafroun Kebab,"Turecka, Kebab",0.00,22.00
Bydło i Powidło,"Kanapki, Burgery, Amerykańska",24.00,50.00
Stołówka U Chłopaków,"Polska, Dania na lunch, Zupy",0.00,30.00
Übar,Makarony,0.00,30.00
W Oparach Absurdu,"Polska, Pierogi",0.00,50.00
Pizza po Zmroku,"Włoska, Makarony, Pizza",12.00,30.00
Złoty Ryż,"Chińska, Tajska, Dania na lunch",15.00,50.00
Restauracja Indyjska Injachi,"Zupy, Owoce morza, Indyjska",10.00,45.00
Vega,"Wegetariańska, Dania na lunch",20.00,23.00
Hagiel Bistro Nocą,"Kanapki, Polska, Pierogi",5.00,50.00
New York Burger,"Burgery, Amerykańska, Sałatki",0.00,30.00
Georgia Restauracja Gruzińska,"Dania na lunch, Sałatki, Gruzińska",15.00,100.00
Yume Sushi,"Sushi, Japońska, Pierogi",0.00,50.00
Center Pizza,"Włoska, Pizza, Sałatki",6.00,25.00
Sushi World,"Sushi, Japońska, Międzynarodowa",10.00,50.00
Yoko Restaurant Klif Dom Mody,Japońska,10.00,70.00
Pizzeria Złota 65,Włoska,0.00,28.00
Latisana,"Włoska, Pizza",8.00,23.00
Bar Viet My,"Chińska, Tajska, Wietnamska",5.00,80.00
Mix Masala Restauracja Indyjska,"Curry, Indyjska",15.00,50.00
Shahi Curry,"Curry, Indyjska",15.00,50.00
Thai Simple,"Tajska, Wietnamska",6.00,30.00
Caviar Sushi,Sushi,5.00,30.00
Shizu 24,"Chińska, Sushi, Dania na lunch",5.00,40.00
Chupan Kebab,"Przekąski, Falafel, Kebab",3.00,25.00
Masala Curry - Restauracja Indyjska,"Curry, Indyjska",8.00,40.00
Coco pizza,"Włoska, Dania na lunch, Pizza",5.00,29.00
Burgerownia,"Burgery, Przekąski, Amerykańska",16.00,50.00
Da Grasso,"Włoska, Pizza, Kebab",4.00,20.00
Hagiel Bistro,"Polska, Dania na lunch, Pierogi",3.00,35.00
India Express by Mandala Centrum,"Tajska, Zupy, Indyjska",20.00,30.00
Sensi Sushi Bemowo,"Sushi, Japońska, Zupy",0.00,50.00
Mała Italia,"Włoska, Makarony, Pizza",6.00,30.00
Pizza Na Wypasie Wola,"Włoska, Dania na lunch, Pizza",5.00,1.00
Pierogi z Pieca,"Polska, Pierogi, Zupy",8.00,35.00
Gruby Benek,"Włoska, Pizza",6.50,25.00
Bałkan Grill Najlepsza Kuchnia Serbska,"Burgery, Sałatki, Kebab",14.00,100.00
Spring Roll,"Tajska, Wietnamska, Dania na lunch",18.00,50.00
Kwitnąca Wiśnia,"Sushi, Japońska, Zupy",0.00,50.00
Khuk by Little Thai Gallery,"Tajska, Owoce morza",18.00,50.00
Solidarności Original Burgers Serial Grillers,"Burgery, Amerykańska",13.00,80.00
OM Sienna,"Tajska, Indyjska",10.00,80.00
Pizzeria Boscaiola,"Włoska, Pizza, Sałatki",18.00,50.00
Kumpir & Kebab,"Turecka, Falafel, Kebab",3.00,25.00
Pora Karmienia Pizza Pasta Kebab,"Makarony, Pizza, Kebab",0.00,90.00
Manty Restauracja Uzbecka,"Dania na lunch, Zupy, Sałatki",13.00,99.00
Mojo Picon,"Hiszpańska/Tapas, Sałatki, Owoce morza",18.00,50.00
Arabella,"Włoska, Dania na lunch, Pizza",9.00,30.00
Sushi Chef,"Sushi, Japońska",0.00,30.00
My Onigiri,Japońska,9.00,50.00
Q&B Kuchnia orientalna i wege,"Wietnamska, Wegańska",3.00,35.00
Biesiadowo,"Włoska, Pizza, Sałatki",6.00,20.00
Pizzeria Giovanni,"Włoska, Makarony, Pizza",0.00,60.00
Center Pizza,"Włoska, Pizza, Sałatki",4.00,25.00
Lider Kebab Kasprowicza,"Turecka, Kanapki, Sałatki",7.00,20.00
Trattoria Boccone,"Włoska, Makarony, Sałatki",0.00,50.00
Albero,"Włoska, Polska, Pizza",4.00,10.00
Sushi Studio,"Sushi, Japońska",0.00,80.00
Papryczka Pizza & Restaurant,"Makarony, Pizza, Sałatki",5.00,30.00
Kotłownia,"Makarony, Sałatki, Drób",16.00,50.00
Mai Pizza Break,"Włoska, Pizza, Sałatki",20.00,25.00
Popis Władzy,"Włoska, Pizza",20.00,25.00
Metronocni,"Włoska, Pizza, Sałatki",20.00,25.00
Sushi Maestro,"Sushi, Japońska",10.00,120.00
Sumada sushi,"Sushi, Japońska, Pierogi",15.00,100.00
Gruzja Kebab,"Pierogi, Międzynarodowa",20.00,100.00
Pizzeria Verde Oliva,"Włoska, Dania na lunch, Zupy",5.00,28.00
Bar&Restauracja Mekong,"Tajska, Zupy",0.00,60.00
Himalayan Yeti,"Tajska, Wegetariańska, Indyjska",5.00,70.00
Pizza Tokarza,"Włoska, Pizza",5.00,0.00
CURRY Express,"Curry, Indyjska",5.00,35.00
zaParowani Nocą,"Chińska, Pierogi",8.00,25.00
Burger Station,"Pierogi, Burgery, Amerykańska",15.00,60.00
Pycha Na Widelcu,"Polska, Makarony, Pizza",8.00,40.00
Tadka Restauracja Indyjska,"Zupy, Sałatki, Indyjska",5.00,40.00
Sushi Muranów,Sushi,0.00,50.00
West Cury Express,"Wegetariańska, Curry, Indyjska",10.00,45.00
Chiński Ryż,"Chińska, Wołowina, Wieprzowina",10.00,50.00
Wypas Burger,"Burgery, Amerykańska, Sałatki",9.00,35.00
Kura i Frytura,"Burgery, Amerykańska, Sałatki",5.00,35.00
Pizza po Zmroku,"Włoska, Makarony, Pizza",9.00,30.00
Makarun Spaghetti And Salad,"Włoska, Makarony",4.00,20.00
Kuchnia Autorska,"Burgery, Makarony, Pizza",5.00,30.00
Skok na wok,"Tajska, Pierogi, Zupy",7.00,40.00
Restauracja Awangarda,"Polska, Pizza",7.00,40.00
Sushi Love,Sushi,10.00,70.00
Amai Sushi,"Sushi, Japońska",0.00,35.00
Pizza Expert Noc,"Włoska, Pizza",0.00,30.00
Krówka i Połówka,"Burgery, Amerykańska, Wołowina",3.00,30.00
Mado Kebab Grill,"Falafel, Kebab",2.30,25.00
Green it.,"Dania na lunch, Wrapy, Sałatki",5.00,40.00
India Gate,"Dania na lunch, Curry, Indyjska",10.00,80.00
Pizzeria Cyraneczka,"Włoska, Przekąski, Pizza",5.00,30.00
Pizza Nocą u Dziadka,"Włoska, Pizza",5.10,30.00
Indyjskie Smaki,"Sałatki, Indyjska",10.00,40.00
Melodia Smaku,"Polska, Dania na lunch, Pierogi",6.00,55.00
Spice Garden,Indyjska,6.00,35.00
Pizzeria Sycylia,"Włoska, Pizza",3.00,25.00
Literatka,"Dania na lunch, Zupy, Sałatki",18.00,50.00
Nachos by Night,"Hiszpańska/Tapas, Meksykańska, Przekąski",7.00,40.00
Pierogarnia Skazka,"Polska, Dania na lunch, Pierogi",15.00,120.00
Hindu Curry,"Curry, Indyjska",0.00,40.00
Geisha Sushi Bródno,"Sushi, Japońska",0.00,50.00
Chmielarnia,"Tajska, Dania na lunch, Sałatki",8.00,40.00
Rasoi Restauracja Indyjska,"Zupy, Sałatki, Indyjska",0.00,50.00
Burgery Nocą,"Burgery, Amerykańska",0.00,14.00
Pan Szama,"Polska, Wrapy",20.00,40.00
Vega,"Wegetariańska, Dania na lunch",16.00,23.00
Pepperoni Ristorante Pizzeria Noc,"Włoska, Pizza",10.00,25.00
Ichiban Sushi Reduta,"Sushi, Japońska, Dania na lunch",0.00,80.00
Sen o sushi,"Sushi, Japońska",0.00,50.00
Nanaki Sushi,"Sushi, Japońska, Owoce morza",0.00,99.00
Thai Me Up,"Tajska, Owoce morza",18.00,50.00
Curry House,"Zupy, Sałatki, Indyjska",10.00,50.00
SushiRoll Bistro,"Sushi, Japońska, Wegańska",0.00,50.00
Biesiadowo,"Włoska, Pizza, Sałatki",7.00,20.00
Vegan Pizza,"Wegetariańska, Wegańska, Pizza",6.00,20.00
Jadłoteka,"Polska, Pierogi, Burgery",27.00,20.00
Kurczak z rożna na Wyszogrodzkiej,"Polska, Menu dla dzieci, Drób",12.00,45.00
Madras,Indyjska,5.00,50.00
Sushi Ronin,"Sushi, Japońska",0.00,40.00
Pizza 60,"Włoska, Pizza",5.00,20.00
Via Suzina,"Włoska, Makarony, Pizza",13.00,50.00
Kotłownia,"Makarony, Sałatki, Drób",13.00,50.00
Gruba Ryba,"Sushi, Tajska, Zupy",0.00,50.00
United Chicken,"Burgery, Amerykańska, Drób",10.00,25.00
Indian Taste,"Curry, Indyjska",8.00,50.00
Sumada sushi,"Sushi, Japońska, Pierogi",10.00,100.00
Bar Marymont,"Polska, Pierogi, Zupy",0.00,35.00
Pizza Warszawska,"Włoska, Dania na lunch, Pizza",15.90,59.00
Game of Pizza,"Włoska, Pizza",15.90,59.00
Soja Sushi & Thai,"Sushi, Sałatki",0.00,130.00
Buenos Nachos,"Meksykańska, Dania na lunch",5.00,30.00
Shahi Curry,"Curry, Indyjska",15.00,40.00
Kumate Sushi,"Chińska, Sushi, Japońska",3.00,39.00
Fabryka Sushi,"Sushi, Japońska",0.00,50.00
Nocna Wyżerka,"Włoska, Makarony, Pizza",15.90,59.00
Rioni - Restauracja Gruzińska,"Dania na lunch, Pierogi, Gruzińska",0.00,80.00
Thai Simple,"Tajska, Wietnamska",15.00,30.00
Amal Kebab Noc,"Arabska, Kebab",6.00,20.00
Biryani Hut - kuchnia południowoindyjska,Indyjska,7.00,39.00
Wypas Burger,"Burgery, Amerykańska, Sałatki",7.00,30.00
Sushi Ursus,Sushi,8.00,60.00
Cziken Boss,"Burgery, Amerykańska, Sałatki",4.00,35.00
Kura i Frytura,"Burgery, Amerykańska, Sałatki",5.00,40.00
Saito Sushi,"Sushi, Japońska, Dania na lunch",0.00,99.00
Ali Kebab,Kebab,7.50,20.00
Soto Sushi,"Sushi, Japońska",0.00,40.00
Burgery Nocą,"Burgery, Amerykańska",6.00,14.00
Enna Pizza,Pizza,6.00,25.00
Everest Nepal,"Tajska, Dania na lunch, Indyjska",15.00,50.00
Pan Golonka,Polska,5.00,35.00
Da Grasso Derby Nocą,"Włoska, Amerykańska, Pizza",0.00,50.00
Thaisty,"Sałatki, Curry",0.00,50.00
La Vietnamita,"Chińska, Tajska, Wietnamska",8.00,30.00
Izumi Sushi and Grill,"Sushi, Japońska",15.00,150.00
Obiadkowo Bistro&Catering,"Polska, Dania na lunch",4.00,25.00
Bar u Natki,"Dania na lunch, Pierogi, Zupy",5.00,40.00
KFP Bar Mleczny,Polska,8.00,40.00
n ALE bistro,"Polska, Pierogi, Naleśniki",0.00,30.00
Sushiroll Bistro Centrum,"Sushi, Japońska, Wegańska",10.00,60.00
New York Pizza Department,"Włoska, Amerykańska, Pizza",4.00,25.00
Kago by Alon Japanese Restaurant & Cocktail Bar,Sushi,0.00,50.00
Vintuna Kuchnia Tajska,"Tajska, Zupy, Owoce morza",10.00,50.00
Curry Leaf Kuchnia Indyjska,"Zupy, Sałatki, Indyjska",5.00,50.00
Ha Noi Bar Orientalny,"Chińska, Tajska, Wietnamska",0.00,30.00
Bar&Restauracja Mekong,"Tajska, Zupy",0.00,80.00
Pizza Nocą u Dziadka,"Włoska, Pizza",2.00,30.00
Rock'n'roll Sushi Puławska,"Sushi, Japońska, Międzynarodowa",8.00,100.00
Kebabish Grill Bar,"Turecka, Kebab",5.00,30.00
Classic Doner Kebab,"Turecka, Falafel, Kebab",0.00,30.00
Taste of Aroma,"Zupy, Curry, Indyjska",0.00,40.00
Rock N'Roll Sushi,Sushi,8.00,100.00
Curry House,"Zupy, Sałatki, Indyjska",5.00,40.00
Maru Sushi Bar,"Sushi, Japońska",10.00,100.00
Q&B Kuchnia orientalna i wege,"Wietnamska, Wegańska",0.00,35.00
Jadłoteka,"Polska, Pierogi, Burgery",21.00,20.00
Via Suzina,"Włoska, Makarony, Pizza",24.00,50.00
Orient Wok,"Chińska, Tajska, Wietnamska",4.99,28.00
Guru kebab,"Turecka, Kebab",5.00,50.00
Red Hot Chicken,"Kanapki, Wrapy, Drób",5.00,40.00
Rudy Pies Sushi,Sushi,0.00,100.00
Pizza Nocą u Dziadka,"Włoska, Pizza",0.00,30.00
Curry Leaf Kuchnia Indyjska,"Zupy, Sałatki, Indyjska",20.00,50.00
Pizza Nocą u Dziadka,"Włoska, Pizza",2.50,30.00
Tapas Bar El Punto,"Hiszpańska/Tapas, Zupy, Międzynarodowa",0.00,40.00
Tikka Tango,"Zupy, Menu dla dzieci, Indyjska",0.00,39.00
Pizza Dominium,"Włoska, Makarony, Pizza",0.00,31.00
Sushiberry,"Sushi, Japońska, Dania na lunch",0.00,70.00
City Pizza Nocną Porą,"Włoska, Makarony, Pizza",8.00,30.00
Welcome India,Indyjska,5.00,50.00
Center Pizza,"Włoska, Pizza, Sałatki",2.00,25.00
Klukovka,"Dania na lunch, Pierogi, Zupy",5.00,50.00
Boscaiola,"Włoska, Dania na lunch, Makarony",18.00,50.00
Wow Kebab,"Turecka, Gyros, Kebab",5.00,25.00
Boscaiola,"Włoska, Pizza, Sałatki",18.00,50.00
Gold Sushi,"Sushi, Japońska, Zupy",0.00,50.00
Restauracja Katmandu,"Tajska, Wegetariańska, Indyjska",10.00,40.00
Złoty Ryż,"Chińska, Tajska, Dania na lunch",12.00,40.00
Trattoria Toscana,"Włoska, Makarony, Pizza",2.00,20.00
Lider Kebab Marszałkowska,"Turecka, Sałatki, Kebab",7.00,20.00
Kuchnia Orientalna Smaki Wschodu,"Chińska, Tajska, Wietnamska",10.00,50.00
La Torre Bielany,"Włoska, Makarony, Pizza",7.00,25.00
Spokojna 15,"Włoska, Makarony, Pizza",0.00,25.00
Gniazdo Smaku,"Włoska, Makarony, Sałatki",0.00,40.00
Chicago's Pizza Pasta & Grill Klaudyny,"Włoska, Dania na lunch, Makarony",0.00,25.00
Kebab King,"Turecka, Dania na lunch, Kebab",3.30,20.00
Mała Italia,"Włoska, Makarony, Pizza",4.00,28.00
Kebab King,"Turecka, Kebab",3.30,20.00
Masala Magic,"Tajska, Zupy, Indyjska",20.00,50.00
Kebab Faraon Rondo Waszyngtona,"Przekąski, Arabska, Kebab",8.00,35.00
Kwadrans Cafe,"Dania na lunch, Pierogi, Burgery",24.99,55.00
The Indian Hut restauracja indyjska,"Curry, Indyjska",5.00,39.00
TODO Sushi,"Sushi, Japońska",0.00,50.00
Pepperoni Ristorante Pizzeria,"Włoska, Dania na lunch, Sałatki",5.00,25.00
Rudawka,"Wegańska, Makarony, Pizza",5.00,30.00
Mizumi Sushi,"Sushi, Japońska",0.00,60.00
Linh,"Wietnamska, Zupy, Owoce morza",5.00,35.00
Batumi Na Ursynowie,"Dania na lunch, Pizza, Gruzińska",0.00,135.00
ToTu Chińska Pierogarnia Słowackiego,"Chińska, Pierogi, Zupy",5.00,40.00
Solidarności Original Burgers Serial Grillers,"Burgery, Amerykańska",6.00,31.00
OM Sienna,"Tajska, Indyjska",8.00,60.00
Bydło i Powidło,"Kanapki, Burgery, Amerykańska",16.00,50.00
"Król Ziemniak - Ziemniaki, pierogi, makarony","Polska, Pierogi, Makarony",13.00,1.00
Pokątna,"Dania na lunch, Burgery, Pizza",5.00,25.00
Pizzeria Carramba,"Włoska, Pizza",0.00,20.00
Fresh&Roll,"Sushi, Japońska",0.00,40.00
Curry House,"Zupy, Sałatki, Indyjska",18.00,50.00
Manty Restauracja Uzbecka,"Dania na lunch, Zupy, Sałatki",8.00,50.00
Bin Bin Chińskie Pierogi,"Chińska, Pierogi",10.00,35.00
Susharnia,"Sushi, Japońska, Zupy",0.00,70.00
Everest Lounge food music & bar,"Wegetariańska, Ryby, Indyjska",0.00,30.00
Asian Palace Kuchnia Pakistańska i Indyjska,"Kanapki, Zupy, Indyjska",5.00,40.00
Welcome India,Indyjska,8.00,50.00
Pizzeria Giovanni,"Włoska, Makarony, Pizza",0.00,40.00
Dobra Buła,"Burgery, Amerykańska",0.00,48.00
Sushi World,"Sushi, Japońska, Międzynarodowa",0.00,40.00
Kurczak z rożna na Wyszogrodzkiej,"Polska, Menu dla dzieci, Drób",10.00,45.00
Pizza Time,"Włoska, Pizza, Międzynarodowa",3.00,35.00
Maharaja Thai,"Tajska, Curry, Indyjska",16.00,50.00
Casablanca,"Międzynarodowa, Arabska, Falafel",18.00,50.00
Rong Vang,Wietnamska,5.00,35.00
L'arc,"Francuska, Ryby, Zupy",18.00,50.00
Trattoria Italia,"Włoska, Makarony, Pizza",0.00,30.00
Dance Burger,"Burgery, Przekąski, Amerykańska",5.00,40.00
Bar Viet My,"Chińska, Tajska, Wietnamska",6.00,50.00
Mix Masala Restauracja Indyjska,"Curry, Indyjska",5.00,50.00
Bemowo Sushi,"Sushi, Japońska, Owoce morza",0.00,30.00
India Express by Mandala,Indyjska,10.00,30.00
Soto Sushi,Sushi,0.00,50.00
Kadoto Sushi,Sushi,5.00,100.00
Pizza Warszawska,"Włoska, Dania na lunch, Pizza",9.90,39.00
PoByku Kuchnia Bar,"Burgery, Amerykańska, Pizza",6.00,45.00
Game of Pizza,"Włoska, Pizza",9.90,39.00
Shizen Restaurant & Sushi Bar Galeria Północna,"Sushi, Japońska",0.00,100.00
Bombay Lounge,Indyjska,10.00,50.00
Black Real Burgers,"Burgery, Przekąski, Amerykańska",10.00,50.00
Shiva Lounge,"Dania na lunch, Indyjska",5.00,39.00
Dzikie Jadło Burger,"Burgery, Amerykańska",8.00,25.00
Restauracja Indyjska Kurkuma,"Curry, Indyjska",0.00,60.00
Bobby Burger,"Burgery, Amerykańska",11.00,45.00
Nocna Wyżerka,"Włoska, Makarony, Pizza",9.90,39.00
Warsaw Burger Bar,"Burgery, Amerykańska, Wołowina",9.00,40.00
Amrit Express,"Turecka, Falafel, Kebab",1.00,21.00
Tutti Colori,"Włoska, Pizza",0.00,30.00
New York Pizza Department,"Włoska, Makarony, Pizza",4.00,25.00
Wolę Sushi,"Sushi, Japońska, Wegańska",0.00,50.00
Good Company Madison Restaurant,"Włoska, Pizza, Bezglutenowa",5.00,25.00
Sushi Ursus,Sushi,11.00,100.00
Pizza po Zmroku,"Włoska, Makarony, Pizza",7.00,30.00
Papa John's,"Amerykańska, Pizza, Drób",0.00,29.99
Warsaw Buffalo Wings,"Burgery, Sałatki, Drób",9.00,40.00
Smak Curry,"Curry, Indyjska",0.00,100.00
Lanczówka Smaczny Obiad,"Sushi, Dania na lunch, Pierogi",3.00,30.00
Metro Zapiekanki,"Kanapki, Amerykańska",5.00,20.00
Green it.,"Dania na lunch, Wrapy, Sałatki",8.00,40.00
Kawiarnia Tarta Shop,Polska,0.00,30.00
PoByku Burger Steak & Bar,"Burgery, Amerykańska, Wołowina",6.00,39.00
Arbuz Kebab & Burger,"Burgery, Falafel, Kebab",8.00,70.00
Pizza Nocą u Dziadka,"Włoska, Pizza",3.00,30.00
Domino's Pizza,"Przekąski, Amerykańska, Pizza",0.00,29.00
Stefano Diem Linh,"Wietnamska, Polska, Pizza",5.00,25.00
Maghreb - kuchnia marokańska,"Wegetariańska, Międzynarodowa, Arabska",0.00,30.00
Ogród Smaku - Polska i Smaczna Kuchnia,"Polska, Dania na lunch, Pierogi",0.00,30.00
Spice Garden,Indyjska,0.00,35.00
Vege Sushi,"Sushi, Wegetariańska, Wegańska",8.00,30.00
Nocny Kebabish,"Turecka, Falafel, Kebab",15.00,40.00
Lokalna - Frykasy Warsiawskie,Polska,8.00,70.00
Trattoria Prima Pasta,"Włoska, Makarony",16.00,50.00
Kawa i Chili,"Meksykańska, Międzynarodowa, Drób",18.00,50.00
Naleśnikarnia Smile,"Dania na lunch, Naleśniki",10.00,40.00
Bloom bistro,"Polska, Dania na lunch, Międzynarodowa",0.00,30.00
Warszawskie Zapieksy,"Włoska, Wegetariańska, Polska",0.00,30.00
Aroma & Taste,"Curry, Indyjska",7.00,50.00
Placek,"Włoska, Dania na lunch, Pizza",14.99,25.00
Rock and roll,"Sushi, Pizza",5.00,30.00
Anokha India,"Zupy, Sałatki, Indyjska",10.00,59.00
Sushi Yakuza,Sushi,8.00,40.00
Pierogarnia Skazka,"Polska, Dania na lunch, Pierogi",12.00,90.00
Coco Pizza by night,"Włoska, Pizza",5.00,29.00
Night Pizza Factory,"Włoska, Pizza",15.00,30.00
Hindu Curry,"Curry, Indyjska",10.00,40.00
Restauracja Gruzińska Tbilisi,"Dania na lunch, Zupy, Gruzińska",10.00,50.00
Papa John's,"Amerykańska, Pizza, Drób",0.00,29.00
Gold Sushi,"Sushi, Japońska, Zupy",0.00,30.00
Amrit Oriental Food,"Turecka, Kebab",1.00,21.00
Gospoda Zbójnicka,"Polska, Dania na lunch, Pierogi",15.00,50.00
Kuchnia Orientalna Smaki Wschodu,"Chińska, Tajska, Wietnamska",6.50,25.00
Sushi Zume Tarchomin,"Włoska, Sushi, Japońska",0.00,100.00
Biesiadowo,"Włoska, Makarony, Pizza",3.00,20.00
Sushi Chef,"Sushi, Japońska",0.00,140.00
Piacere Bielany,"Włoska, Wegańska, Pizza",3.00,25.00
Kurczak z rożna na Wyszogrodzkiej,"Polska, Menu dla dzieci, Drób",7.00,35.00
Pizza 60,"Włoska, Pizza",7.00,20.00
New York Pizza Department,"Makarony, Pizza, Sałatki",4.00,25.00
Mix Masala Restauracja Indyjska,"Curry, Indyjska",10.00,50.00
Soja Sushi & Thai,"Sushi, Sałatki",0.00,80.00
Sensei,"Sushi, Ryby, Japońska",0.00,60.00
Sushi Box,"Sushi, Japońska, Zupy",0.00,200.00
Grande Pierogi,"Polska, Pierogi, Zupy",20.00,80.00
Pizzeria San Giovanni,"Włoska, Makarony, Pizza",5.00,25.00
Saiko Sushi,"Sushi, Japońska",0.00,40.00
Restauracja Ale!Kaszana kuchnia&bar,"Polska, Dania na lunch, Pierogi",3.00,20.00
Gospoda Zbójnicka,"Polska, Dania na lunch, Pierogi",0.00,40.00
Sensi Sushi Białołęka,"Sushi, Japońska",0.00,30.00
Pizza Jalapenio,"Włoska, Makarony, Pizza",5.00,25.00
Da Grasso,"Włoska, Makarony, Pizza",7.00,19.50
Sushi White Sushi,"Sushi, Japońska",5.00,50.00
Oto Sushi,"Sushi, Japońska, Owoce morza",20.00,200.00
I Love Sushi,"Sushi, Japońska",10.00,75.00
Extra Papu Obiady Domowe,"Polska, Dania na lunch, Pierogi",6.00,40.00
Sushiberry,"Sushi, Japońska, Dania na lunch",0.00,150.00
Ou Sushi,"Sushi, Japońska",0.00,99.00
Beef Burger,"Burgery, Amerykańska",0.00,40.00
City Pizza Nocną Porą,"Włoska, Makarony, Pizza",10.00,30.00
Łuski i Ości,"Sushi, Japońska",6.00,100.00
Wana Sushi,"Sushi, Japońska",0.00,150.00
SushiRoll Bistro,"Sushi, Japońska, Wegańska",0.00,100.00
Amai Sushi,"Sushi, Japońska",0.00,45.00
Mechanizm Kręcenia Pizza Nocą,"Włoska, Pizza, Sałatki",18.00,35.00
Vegan Pizza,"Wegetariańska, Wegańska, Pizza",18.00,35.00
Maharaja Thai,"Tajska, Curry, Indyjska",24.00,50.00
Kotłownia,"Makarony, Sałatki, Drób",24.00,50.00
Sushi Kanpai,"Sushi, Ryby, Dania na lunch",0.00,50.00
Sushi Mori Tarchomin,"Sushi, Japońska",0.00,30.00
Bemowo Sushi,"Sushi, Japońska, Owoce morza",0.00,35.00
Makarun,"Włoska, Makarony",0.00,20.00
Shizen Restaurant & Sushi Bar Galeria Północna,"Sushi, Japońska",0.00,80.00
Black Real Burgers,"Burgery, Przekąski, Amerykańska",24.00,50.00
Tandoori Spices Kuchnia Indyjska,"Zupy, Indyjska",5.00,40.00
Shiva Lounge,"Dania na lunch, Indyjska",20.00,39.00
Hindus Restauracja Indyjska,"Sałatki, Drób, Indyjska",0.00,50.00
San Sushi,Sushi,0.00,150.00
Tikka Kebab & Sheesha Cafe,"Gyros, Indyjska",0.00,25.00
Tutto Bene Pizzeria,"Włoska, Pizza, Sałatki",0.00,30.00
Noc i dzień pizza,"Włoska, Dania na lunch, Pizza",16.00,59.00
Amal Kebab Noc,"Arabska, Kebab",14.00,20.00
SUSHIPAK,"Sushi, Japońska",18.00,90.00
Casa di Pizza,"Włoska, Makarony, Pizza",5.00,25.00
Pizza po zachodzie,"Włoska, Makarony, Pizza",8.00,36.00
Caviar Sushi,Sushi,10.00,50.00
Hand & Roll Tsuru Sushi,Sushi,8.00,50.00
Kura i Frytura,"Burgery, Amerykańska, Sałatki",15.00,60.00
Pizza po Zmroku,"Włoska, Makarony, Pizza",20.00,30.00
New York Pizza Department,"Makarony, Pizza, Sałatki",3.00,30.00
Burgery Nocą,"Burgery, Amerykańska",7.00,14.00
Burgery Nocą Targówek,"Burgery, Przekąski, Amerykańska",7.00,14.00
Sushi Love,Sushi,0.00,40.00
Pizza Expert Noc,"Włoska, Pizza",0.00,110.00
Centralny Bar Mleczny 24 h,"Polska, Pierogi, Naleśniki",25.00,15.00
Kuchnia Chińska,"Chińska, Tajska, Wietnamska",4.00,40.00
Chicago's Pizza,"Dania na lunch, Burgery, Pizza",0.00,25.00
Sushi Zushi,Sushi,0.00,150.00
Rock'n'roll Sushi Puławska,"Sushi, Japońska, Międzynarodowa",14.00,100.00
Mniam Mniam,"Ryby, Polska, Dania na lunch",5.00,25.00
Kebab Maharaja,Kebab,7.00,30.00
Pizza Nocna,"Pierogi, Makarony, Pizza",16.00,59.00
Bródnowski Trzepak,"Burgery, Wrapy",2.00,35.00
Soto Sushi,"Chińska, Sushi, Japońska",0.00,100.00
Burgerownia,"Burgery, Przekąski, Amerykańska",24.00,50.00
Fabryka Pizzy,"Włoska, Pizza",0.00,30.00
Sushi Roll Bistro,"Sushi, Japońska",8.00,50.00
Nachos by Night,"Hiszpańska/Tapas, Meksykańska, Przekąski",23.00,70.00
Dim Sun Sushi,"Sushi, Japońska",0.00,20.00
Mamma Mia Never Closed,"Makarony, Pizza, Sałatki",20.00,100.00
Pizza Expert,"Pizza, Sałatki",30.00,98.00
Witaj India,"Burgery, Falafel, Indyjska",8.00,30.00
Buongiorno,"Włoska, Pizza",5.00,35.00
Pizza Mariano Italiano,"Pierogi, Makarony, Pizza",0.00,29.00
Rock N'Roll Sushi,Sushi,14.00,100.00
Saiko Sushi,"Sushi, Japońska",5.00,40.00
Restauracja Ale!Kaszana kuchnia&bar,"Polska, Dania na lunch, Pierogi",7.00,50.00
Burgery Nocą,"Burgery, Amerykańska",20.00,150.00
Sensi Sushi Białołęka,"Sushi, Japońska",0.00,110.00
Da Grasso,"Włoska, Makarony, Pizza",8.00,19.50
I Love Sushi,"Sushi, Japońska",12.00,75.00
Sushi and Kimchi,"Sushi, Japońska",0.00,50.00
Grand Kebab & Chicken,"Turecka, Przekąski, Kebab",3.00,20.00
Biesiadowo,"Włoska, Pizza, Sałatki",0.00,22.00
Ichiban Sushi,"Sushi, Japońska, Dania na lunch",10.00,50.00
Pizzeria San Giovanni,"Włoska, Makarony, Pizza",7.00,25.00
U Andrusa,"Polska, Pierogi, Zupy",5.00,30.00
Tandoori Spices Kuchnia Indyjska,"Zupy, Indyjska",10.00,40.00
Casa Di Pizza,"Włoska, Makarony, Pizza",5.00,25.00
Pizza po zachodzie,"Włoska, Makarony, Pizza",5.00,30.00
Welcome India,Indyjska,10.00,40.00
Pizzeria Słupecka,"Pizza, Sałatki",13.00,60.00
Burgery Nocą Targówek,"Burgery, Przekąski, Amerykańska",20.00,150.00
Kuchnia Chińska,"Chińska, Tajska, Wietnamska",6.00,40.00
Smako-łyk Domowa Kuchnia,"Ryby, Polska, Pierogi",8.00,100.00
Sensi Sushi Białołęka,"Sushi, Japońska",0.00,50.00
I Love Sushi,"Sushi, Japońska",9.00,75.00
Parnik Świderska,"Pierogi, Zupy, Sałatki",5.00,40.00
Kuchnia Indyjska,"Dania na lunch, Indyjska",6.00,50.00
Kebab Maharaja,Kebab,5.00,25.00
Hello Momo And Kebab House,Kebab,5.00,25.00
Ten Sushi,"Sushi, Tajska",10.00,50.00
Thai Wook Kuchnia Tajska,"Sushi, Tajska",10.00,50.00
Pizza Na Wypasie Nocą,"Włoska, Dania na lunch, Pizza",13.00,1.00
Big Adriano Deep Dish Pizza & Grill,"Burgery, Amerykańska, Pizza",2.99,26.00
Take Sushi Stara Miłosna,"Sushi, Japońska, Owoce morza",0.00,30.00
Obiady u Wujka Jacka,"Polska, Pizza",16.00,50.00
Skoro Sushi,"Sushi, Japońska, Zupy",0.00,80.00
Tokyo Sushi,"Sushi, Japońska, Owoce morza",0.00,70.00
Biesiadowo,"Włoska, Pizza, Zupy",0.00,25.00
Amai Sushi,"Sushi, Japońska",0.00,90.00
Mai Pizza Break,"Włoska, Pizza, Sałatki",16.00,25.00
Popis Władzy,"Włoska, Pizza",16.00,25.00
Metronocni,"Włoska, Pizza, Sałatki",16.00,25.00
Zaparowani Działkowa,"Chińska, Desery, Sałatki",0.00,25.00
Pizza po Zmroku,"Włoska, Makarony, Pizza",18.00,30.00
Pizza Expert,"Pizza, Sałatki",20.00,70.00
I Love Sushi,"Sushi, Japońska",11.00,75.00
Sensi Sushi Białołęka,"Sushi, Japońska",0.00,70.00
Kurczak z rożna na Wyszogrodzkiej,"Polska, Menu dla dzieci, Drób",14.00,35.00
Piacere Night,"Włoska, Wegańska, Pizza",10.00,35.00
Kadoto Sushi,Sushi,20.00,100.00
Pizza Expert Noc,"Włoska, Pizza",0.00,95.00
Bistro Stokrotka,"Polska, Dania na lunch",5.00,40.00
Wings House & Thai Food,"Tajska, Amerykańska, Drób",5.00,40.00
Hand&Roll Tsuru Sushi,"Sushi, Japońska, Owoce morza",0.00,100.00
Wokviet,"Chińska, Przekąski, Zupy",7.00,27.00
Kuchnia Smakosza,"Dania na lunch, Makarony, Sałatki",16.00,50.00
Ninja Bar,"Chińska, Tajska, Wietnamska",5.00,55.00
Neko Sushi,Sushi,0.00,130.00
Curry House,"Zupy, Sałatki, Indyjska",10.00,40.00
Dobra Buła Skarbka z Gór,"Burgery, Przekąski",0.00,40.00
Hindus Restauracja Indyjska,"Sałatki, Drób, Indyjska",5.00,50.00
Pizzeria Don Gucci,Włoska,4.00,25.00
Zakład Mięsny Wileńska 25,"Włoska, Pizza",0.00,50.00
Warsztat Kulinarny,"Makarony, Pizza, Sałatki",0.00,20.00
Kołacz na Okrągło,"Desery, Polska, Naleśniki",0.00,30.00
Aroma & Taste,"Curry, Indyjska",15.00,125.00
Kuchnia Chińska,"Chińska, Tajska, Wietnamska",2.00,40.00
Express Pizza - Ta prostokątna,"Dania na lunch, Amerykańska, Pizza",0.00,30.00
Caviar Sushi,Sushi,10.00,40.00
Bistro 19,"Polska, Pierogi, Sałatki",8.00,45.00
I Love Sushi,"Sushi, Japońska",7.00,75.00
Bella Napoli,Włoska,5.00,40.00
Amal Kebab Noc,"Arabska, Kebab",12.00,20.00
SUSHIPAK,"Sushi, Japońska",5.00,50.00
Pizza Expert Noc,"Włoska, Pizza",0.00,79.00
Rock'n'roll Sushi Puławska,"Sushi, Japońska, Międzynarodowa",12.00,100.00
Sushi Yakuza,Sushi,5.00,40.00
Taste of Aroma,"Zupy, Curry, Indyjska",15.00,125.00
Rock N'Roll Sushi,Sushi,12.00,100.00
I Love Sushi,"Sushi, Japońska",8.00,75.00
Pizza po Zmroku,"Włoska, Makarony, Pizza",13.00,30.00
I Love Sushi,"Sushi, Japońska",6.00,75.00
Kurczak z rożna na Wyszogrodzkiej,"Polska, Menu dla dzieci, Drób",5.00,35.00
Pizza po Zmroku,"Włoska, Makarony, Pizza",15.00,30.00
Sushi Chef,"Sushi, Japońska",0.00,200.00
Restauracja IKEA Targówek,"Dania na lunch, Międzynarodowa, Menu dla dzieci",5.00,30.00
Hindus Restauracja Indyjska,"Sałatki, Drób, Indyjska",10.00,60.00
Kurczak z rożna na Wyszogrodzkiej,"Polska, Menu dla dzieci, Drób",12.00,50.00
Pizzeria Da Vinci,"Włoska, Pizza, Sałatki",3.00,28.00
Da Grasso,"Włoska, Burgery, Pizza",7.00,20.00
New York Pizza Department,"Makarony, Pizza, Sałatki",10.00,30.00
Projekt Sushi,"Sushi, Japońska, Owoce morza",20.00,150.00
I Love Sushi,"Sushi, Japońska",13.00,75.00
Da Grasso,"Włoska, Burgery, Pizza",12.00,20.00
Kebab Urfa,"Turecka, Kanapki, Kebab",5.00,30.00
Patriotka,"Polska, Dania na lunch",3.00,30.00
Plackarnia,"Polska, Pizza, Naleśniki",5.00,30.00
Pizzeria Don Gucci,Włoska,0.00,25.00
Pizzeria La Torre Tarchomin,"Włoska, Makarony, Pizza",5.00,30.00
Szybka Szama,"Burgery, Amerykańska, Sałatki",0.00,15.00
Kinga-catering,"Polska, Dania na lunch, Pierogi",0.00,30.00
Szarifa Bis,"Burgery, Kebab",0.00,25.00
Mniam Mniam,"Ryby, Polska, Dania na lunch",3.00,25.00
Kebab Willa,"Falafel, Indyjska, Kebab",8.00,20.00
Ormiańsko-Gruzińskie Smaki kaukazu,"Międzynarodowa, Gruzińska, Kebab",5.00,50.00
Amir Doner King Kebab,Kebab,0.00,25.00
Ali Baba Doner King Kebab,"Turecka, Arabska, Kebab",0.00,25.00
Smako-łyk Domowa Kuchnia,"Ryby, Polska, Pierogi",5.00,50.00
Witaj India,"Burgery, Falafel, Indyjska",6.00,30.00
Pizza Jalapenio,"Włoska, Makarony, Pizza",10.00,25.00
Sensi Sushi Bemowo,"Sushi, Japońska, Zupy",0.00,150.00
Da Grasso,"Włoska, Makarony, Pizza",5.00,19.50
I Love Sushi,"Sushi, Japońska",5.00,75.00
Sushiberry,"Sushi, Japońska, Dania na lunch",0.00,100.00
Sushi Zume Tarchomin,"Włoska, Sushi, Japońska",0.00,29.00
Sushi Saska Kępa,"Chińska, Sushi, Japońska",5.00,120.00
Cziken Boss,"Burgery, Amerykańska, Sałatki",8.00,50.00
Da Grasso,"Włoska, Makarony, Pizza",6.00,19.50
Tandoori Spices Kuchnia Indyjska,"Zupy, Indyjska",0.00,20.00
Younas Kebab,"Turecka, Arabska, Kebab",3.00,20.00
Cziken Boss Noc,"Burgery, Amerykańska, Sałatki",10.00,50.00
Kura i Frytura,"Burgery, Amerykańska, Sałatki",10.00,35.00
Kinga-catering,"Polska, Dania na lunch, Pierogi",5.00,30.00
Patriotka,"Polska, Dania na lunch",5.00,30.00
Kuchnia Indyjska,"Dania na lunch, Indyjska",4.00,50.00
Kebab Maharaja,Kebab,2.00,25.00
Hello Momo And Kebab House,Kebab,0.00,25.00
Witaj India,"Burgery, Falafel, Indyjska",4.00,30.00
Kuchnia Chińska,"Chińska, Tajska, Wietnamska",0.00,40.00
Red Hot Chicken,"Włoska, Amerykańska, Drób",10.00,50.00
Fenicja - Restauracja Libańska i Kebab,"Turecka, Zupy, Sałatki",0.00,25.00
Pizza Przy Politechnice,"Włoska, Makarony, Pizza",5.00,30.00
Restauracja Indyjska Injachi,"Zupy, Owoce morza, Indyjska",0.00,40.00
Lider Kebab Marszałkowska,"Turecka, Sałatki, Kebab",3.00,20.00
Sensi Sushi Ochota,"Sushi, Japońska, Sałatki",0.00,90.00
Chmielarnia,"Tajska, Dania na lunch, Sałatki",5.00,40.00
Rasoi Restauracja Indyjska,"Zupy, Sałatki, Indyjska",1.00,35.00
Masala Magic,"Tajska, Zupy, Indyjska",15.00,50.00
Kwadrans Cafe,"Dania na lunch, Pierogi, Burgery",19.99,45.00
ToTu Chińska Pierogarnia Saska Kępa,"Chińska, Pierogi, Zupy",8.00,60.00
Red-Sun Sushi,"Sushi, Japońska, Owoce morza",0.00,80.00
Kwitnąca Wiśnia,"Sushi, Japońska, Zupy",0.00,100.00
Khuk by Little Thai Gallery,"Tajska, Owoce morza",13.00,50.00
Chwast Food,"Wegetariańska, Burgery",11.00,33.00
Pizza Na Wypasie Nocą,"Włoska, Dania na lunch, Pizza",12.00,1.00
OM Restauracja,Indyjska,10.00,75.00
OM Sienna,"Tajska, Indyjska",6.00,45.00
Vintuna Kuchnia Tajska,"Tajska, Zupy, Owoce morza",35.00,90.00
"Król Ziemniak - Ziemniaki, pierogi, makarony","Polska, Pierogi, Makarony",10.00,1.00
Pizzeria Boscaiola,"Włoska, Pizza, Sałatki",13.00,50.00
Hikari Koi Sushi,"Sushi, Japońska, Dania na lunch",8.00,60.00
Viaduct Pizza Bar,"Włoska, Pizza",5.00,20.00
Nama Sushi Bar & Lounge,"Chińska, Sushi, Japońska",0.00,100.00
Thai Me Up,"Tajska, Owoce morza",13.00,50.00
Azjatyckie pierożki na parze Parowóz,"Polska, Zupy, Sałatki",0.00,40.00
Manty Restauracja Uzbecka,"Dania na lunch, Zupy, Sałatki",0.00,35.00
Mojo Picon,"Hiszpańska/Tapas, Sałatki, Owoce morza",13.00,50.00
Italiano Vero,"Włoska, Pizza",10.00,20.00
Torotoro Sushi,"Sushi, Japońska, Owoce morza",9.00,20.00
Hand&Roll Tsuru Sushi,"Sushi, Japońska, Owoce morza",0.00,80.00
Jadłoteka,"Polska, Pierogi, Burgery",19.00,20.00
Mumbai Masala,Indyjska,10.00,49.00
Maharaja Thai,"Tajska, Curry, Indyjska",13.00,50.00
Piatto Italiano,"Włoska, Makarony, Pizza",3.00,30.00
77 Sushi,"Sushi, Japońska",9.90,50.00
L'arc,"Francuska, Ryby, Zupy",16.00,50.00
Mai Pizza Break,"Włoska, Pizza, Sałatki",12.00,25.00
Popis Władzy,"Włoska, Pizza",12.00,25.00
Metronocni,"Włoska, Pizza, Sałatki",12.00,25.00
Master Sushi,"Sushi, Japońska",8.00,50.00
Mix Masala Restauracja Indyjska,"Curry, Indyjska",0.00,50.00
Hallo Pizza,"Włoska, Pizza, Sałatki",6.90,29.00
India Express by Mandala,Indyjska,5.00,30.00
Pielmień,Pierogi,0.00,80.00
Boscaiola,"Włoska, Dania na lunch, Makarony",13.00,50.00
Sumada sushi,"Sushi, Japońska, Pierogi",0.00,50.00
Pizza Warszawska,"Włoska, Dania na lunch, Pizza",7.90,35.00
Pizza Dominium,"Makarony, Pizza",0.00,31.00
Game of Pizza,"Włoska, Pizza",7.90,35.00
Bombay Lounge,Indyjska,5.00,45.00
Tuk Tuk,"Tajska, Dania na lunch, Drób",8.00,50.00
Bar&Restauracja Mekong,"Tajska, Zupy",0.00,40.00
Himalayan Yeti,"Tajska, Wegetariańska, Indyjska",5.00,50.00
Night Burger,"Burgery, Amerykańska",0.00,40.00
Kebsa Raz,"Gyros, Falafel, Kebab",5.00,20.00
Shahi Curry,"Curry, Indyjska",9.00,50.00
Naleśnikarnia Smile,"Dania na lunch, Przekąski, Naleśniki",10.00,40.00
Nocna Wyżerka,"Włoska, Makarony, Pizza",7.90,35.00
Thai Fun,"Tajska, Curry",11.00,40.00
Burger Station,"Pierogi, Burgery, Amerykańska",5.00,25.00
West Cury Express,"Wegetariańska, Curry, Indyjska",5.00,45.00
Amrit Oriental Food,"Turecka, Gyros, Kebab",1.00,21.00
Spicy Kebab & Grill,"Arabska, Falafel, Kebab",5.00,30.00
Burrito Burger,"Kanapki, Burgery",0.00,50.00
Cziken Boss Noc,"Burgery, Amerykańska, Sałatki",10.00,35.00
Bella Ciao Pizza,"Włoska, Pizza",0.00,30.00
Klawa Szama,"Polska, Dania na lunch",9.00,30.00
Burgery Nocą Targówek,"Burgery, Przekąski, Amerykańska",8.00,40.00
Master Sushi Noc,"Sushi, Japońska",8.00,60.00
Sushi Love,Sushi,5.00,50.00
Enna Pizza,Pizza,4.00,25.00
Smak Curry,"Curry, Indyjska",0.00,50.00
Everest Nepal,"Tajska, Dania na lunch, Indyjska",0.00,50.00
P&P,"Polska, Pierogi",10.00,40.00
Restauracja Shahi Curry,"Curry, Indyjska",6.00,40.00
Rudy Pies Sushi,Sushi,0.00,150.00
La Vietnamita,"Chińska, Tajska, Wietnamska",5.00,30.00
Pizza z piecca,"Włoska, Pizza",5.00,35.00
Sushi Bistro - Ursynów,"Sushi, Ryby, Japońska",0.00,50.00
India Gate,"Dania na lunch, Curry, Indyjska",5.00,35.00
Arbuz Kebab & Burger,"Burgery, Falafel, Kebab",0.00,35.00
Kebab Hookah & Bar,"Turecka, Falafel, Kebab",3.00,20.00
Rock N' Roll Sushi Żelazna,Sushi,0.00,50.00
Nocny Kebabish,"Turecka, Falafel, Kebab",10.00,40.00
Boscaiola,"Włoska, Pizza, Sałatki",13.00,50.00
Literatka,"Dania na lunch, Zupy, Sałatki",13.00,50.00
Kawa i Chili,"Meksykańska, Międzynarodowa, Drób",16.00,50.00
KFP Bar Mleczny,Polska,5.00,30.00
Anokha India,"Zupy, Sałatki, Indyjska",5.00,49.00
Sushiroll Bistro Centrum,"Sushi, Japońska, Wegańska",5.00,40.00
La Tomatina,"Włoska, Makarony",5.00,50.00
Night Pizza Factory,"Włoska, Pizza",10.00,30.00
Lemonka - Smak Orientu,"Chińska, Tajska, Wietnamska",0.00,30.00
Meet & Fit - Slow Food,"Wegańska, Burgery, Amerykańska",7.00,40.00
Kurczak z rożna na Wyszogrodzkiej,"Polska, Menu dla dzieci, Drób",8.00,40.00
Aroma & Taste,"Curry, Indyjska",12.00,100.00
Sushi Mania,"Sushi, Japońska",40.00,150.00
Kinga-catering,"Polska, Dania na lunch, Pierogi",8.00,30.00
Złoty Ryż,"Chińska, Tajska, Dania na lunch",20.00,100.00
Kurczak z rożna na Wyszogrodzkiej,"Polska, Menu dla dzieci, Drób",14.00,50.00
Cziken Boss Noc,"Burgery, Amerykańska, Sałatki",12.00,50.00
Cziken Boss,"Burgery, Amerykańska, Sałatki",10.00,50.00
Sushiroll Bistro Centrum,"Sushi, Japońska, Wegańska",15.00,70.00
Kurczak z rożna na Wyszogrodzkiej,"Polska, Menu dla dzieci, Drób",10.00,40.00
Kurczak z rożna na Wyszogrodzkiej,"Polska, Menu dla dzieci, Drób",14.00,45.00
Kuchnia Indyjska,"Dania na lunch, Indyjska",2.00,50.00
Kurczak z rożna na Wyszogrodzkiej,"Polska, Menu dla dzieci, Drób",14.00,55.00
Curry House,"Zupy, Sałatki, Indyjska",30.00,50.00
Big City Pizza & Grill,"Włoska, Dania na lunch, Pizza",10.00,35.00
Nama Sushi Bar & Lounge,"Chińska, Sushi, Japońska",0.00,200.00
Ichiban Sushi,"Sushi, Japońska, Dania na lunch",5.00,50.00
Game of Pizza,"Włoska, Pizza",15.90,39.00
Night Burger Noc,"Burgery, Amerykańska",0.00,30.00
Tikka Kebab & Sheesha Cafe,"Gyros, Indyjska",0.00,10.00
Burger Station,"Pierogi, Burgery, Amerykańska",12.00,45.00
Night Burger Centrum,"Burgery, Amerykańska, Sałatki",0.00,20.00
Bobby Burger,"Burgery, Przekąski, Amerykańska",10.00,34.00
Curry House,"Zupy, Sałatki, Indyjska",0.00,40.00
Przyjaciele Pizza&Food,"Włoska, Makarony, Pizza",3.00,25.00
Bar Le Duc,"Chińska, Zupy, Kaczka",0.00,20.00
Piacere Night,"Włoska, Wegańska, Pizza",15.00,35.00
Sushi Yakuza,Sushi,0.00,40.00
Night Pizza Factory,"Włoska, Pizza",12.00,30.00
